Age,Gender,Race,Featurs
100,1,0,242.61138975740556
10,0,0,249.60900630215883
10,0,0,209.78194078084783
10,0,1,234.46367633952485
10,1,1,244.28864259556912
10,1,3,214.88428292968058
110,1,0,221.42534378383954
111,1,0,276.2718883690759
115,1,0,267.8778270676868
115,1,0,256.6791883946837
116,1,0,237.0204889400103
116,1,3,282.79197785894934
11,1,0,221.45990679125345
13,0,3,258.53499732643263
13,1,0,230.59309682396923
14,0,0,244.29042129287572
14,0,0,254.39460419362226
14,0,0,229.5184468873166
14,0,1,233.8002207747195
14,1,0,235.48437950908556
15,0,0,205.37840714777022
15,0,0,236.06427276360938
15,0,1,211.1169549612209
15,0,2,236.01578305994093
15,1,0,232.01687988146995
15,1,1,226.65408293064348
15,1,1,225.50985934910477
15,1,3,233.51204201265804
16,0,0,222.04309640019704
16,0,1,225.55348220577167
16,0,1,221.4629464452434
16,0,1,226.7668727599964
16,1,0,236.41229978912114
16,1,0,215.58407925717086
16,1,0,243.67560540558895
16,1,0,242.54289763972992
17,0,0,238.77140880420083
17,0,0,201.89054502455488
17,0,0,242.4751168898066
17,0,1,236.35824947190792
17,1,0,213.64330998727044
17,1,3,220.7453560599692
17,1,3,239.04198635878336
18,0,1,232.01133276628198
18,0,3,234.48945526098316
18,0,3,248.10573915318298
18,0,3,213.58473396222965
18,1,0,216.96884964309612
18,1,1,243.30979753170908
18,1,3,274.9590757705535
18,1,3,216.57939395857986
18,1,3,241.7742004104776
19,0,0,222.39265990329687
19,0,0,227.600557681836
19,0,3,196.0658173924022
19,0,3,238.68571907569157
19,1,0,218.21865624680635
19,1,3,215.28365932498087
19,1,3,208.7295993857274
19,1,3,233.63322338309746
1,0,1,243.94720100828567
20,0,0,247.43277646465603
20,0,0,216.74540733565672
20,0,0,218.83055407424064
20,0,0,213.3257637448003
20,0,1,260.0302436175004
20,0,1,229.3340565735183
20,0,3,253.53770253995793
20,0,3,239.90535735008257
20,0,3,215.3572195575145
20,0,3,227.17440694245323
20,0,3,219.13659019996936
20,0,3,225.8714784578885
20,1,0,232.88724240263466
20,1,0,220.79114523143323
20,1,0,228.96625344885965
20,1,0,226.869594820807
20,1,0,243.97537461618347
20,1,0,231.2669467092461
20,1,0,221.1844009953491
20,1,0,255.51098619664236
20,1,1,248.75450345365826
20,1,1,228.2048017603375
20,1,1,235.93416058242312
20,1,1,252.3708662245238
20,1,3,216.25106745685605
20,1,3,251.95262899750168
20,1,3,235.69518841807212
20,1,3,236.22924970254343
20,1,3,231.92115994424128
20,1,3,251.52497306915197
20,1,3,249.6046258401967
20,1,3,240.5587852569849
20,1,3,193.01309282711583
20,1,3,229.85181973014198
20,1,3,241.12283158921406
20,1,3,254.49546709969633
20,1,3,242.88053324047516
20,1,3,259.6251682985486
21,0,0,257.35587130258784
21,0,0,239.5289611772061
21,0,1,208.5568592120186
21,0,1,235.18163193557024
21,0,1,224.4952533178731
21,0,1,222.9352309945636
21,0,1,215.05678315024878
21,0,3,225.57398976003668
21,0,3,225.47693222426471
21,0,3,219.30433830707963
21,0,3,255.121137223139
21,0,3,243.6599038924687
21,0,3,209.38836392171265
21,0,3,253.12694005148865
21,0,3,212.55978650023297
21,0,3,225.34728499690198
21,0,3,222.445196615663
21,0,3,257.0064476679909
21,0,3,232.5868282169946
21,1,0,218.07104447472793
21,1,1,271.30867443482134
21,1,1,237.974111655812
21,1,1,206.24694434625178
21,1,1,233.45363203133445
21,1,1,211.87409086655964
21,1,1,236.68336676909675
21,1,3,224.25456333262957
21,1,3,229.14160111910783
21,1,3,251.0665885117398
21,1,3,215.76570830193205
21,1,3,228.99777973471947
21,1,3,240.74721452770834
21,1,3,216.70287186303938
21,1,3,240.91303841243808
21,1,3,260.0554734180245
21,1,3,248.84559365865084
21,1,3,239.6856000600356
21,1,3,234.1987727286039
22,0,0,223.13135965603516
22,0,0,227.81570781372022
22,0,0,239.27534477578564
22,0,0,238.89305008947736
22,0,1,236.34778177736894
22,0,1,234.92927163338072
22,0,3,245.65751038542226
22,0,3,224.86125759660726
22,0,3,233.53625813323364
22,0,3,234.32586890401078
22,0,3,237.00001848288264
22,0,3,224.60815034235094
22,0,3,224.6107341649185
22,0,3,223.29488952424302
22,0,3,230.90120926088076
22,0,3,221.05241600439913
22,0,3,224.56951002976277
22,0,3,223.73104404291462
22,0,3,223.47810832706978
22,0,3,249.57707804315356
22,0,3,204.26930076974992
22,0,3,216.47472849581362
22,0,3,236.06921652706924
22,0,3,227.71458751165295
22,0,3,227.92016961673235
22,1,0,245.41826470412195
22,1,0,218.10165480538285
22,1,1,240.45990106360557
22,1,1,259.5365505759529
22,1,1,259.76652267516806
22,1,1,261.1624868596151
22,1,3,247.73632025889918
22,1,3,239.6849234697697
22,1,3,255.67840434354815
22,1,3,220.64447774131264
22,1,3,216.30718635691278
22,1,3,250.37758849455554
22,1,3,225.9167997428684
22,1,3,236.06921652706924
22,1,3,209.88803686727073
22,1,3,217.68763873370912
22,1,3,234.0821939520531
22,1,3,230.49506312998173
22,1,3,214.38104052537273
22,1,3,230.0848486640973
22,1,3,251.56166774274183
22,1,3,228.507188699999
22,1,3,229.5405519275471
22,1,3,223.01753533000175
22,1,3,240.40099880645786
22,1,3,242.08026934401659
22,1,3,240.47842744015318
22,1,3,228.95347087808406
22,1,3,263.01658819096406
22,1,3,255.5927127986579
23,0,0,202.52484106355223
23,0,0,226.62953384560234
23,0,1,223.55384535261499
23,0,1,222.3312784991698
23,0,1,219.75686438996328
23,0,1,231.66499637430798
23,0,3,219.8477894543988
23,0,3,202.52484106355223
23,0,3,247.7455237430748
23,0,3,223.41846063917748
23,0,3,278.58872543032544
23,0,3,209.72291376053943
23,0,3,247.17241216174972
23,0,3,212.10496131962597
23,0,3,214.39518980422278
23,0,3,246.67774789419116
23,0,3,223.24229015974677
23,0,3,243.36602297387182
23,0,3,237.88100115955712
23,0,3,219.86103621881975
23,0,3,242.10108822627117
23,0,3,240.7193051050637
23,0,3,223.86482339095826
23,0,3,227.6215973461058
23,0,3,227.61976841543216
23,0,3,236.23399055641374
23,0,3,222.44449835113724
23,0,3,264.96725526483254
23,0,3,250.41353230048944
23,0,3,234.74800436681804
23,0,3,231.11702500742643
23,0,3,239.29220111501402
23,0,3,215.52287060049582
23,0,3,226.25766467109008
23,0,3,236.23219536679915
23,1,0,244.62281524896434
23,1,0,224.71486597044785
23,1,1,221.98633479833728
23,1,3,254.98278674572632
23,1,3,245.9350845297514
23,1,3,262.94468171995896
23,1,3,240.69848435524494
23,1,3,229.8038698717025
23,1,3,253.77907840656334
23,1,3,233.82057909300164
23,1,3,272.3182687934258
23,1,3,244.02270682687305
23,1,3,212.73581439676252
23,1,3,239.1385074564435
23,1,3,228.69539036048997
23,1,3,241.08949358645896
23,1,3,241.08949358645896
23,1,3,243.73526837238552
23,1,3,236.0462828364054
23,1,3,208.86911434754504
23,1,3,221.86727756976117
23,1,3,242.90804498365887
23,1,3,243.62032290414956
23,1,3,207.20103883375285
23,1,3,244.85645279087788
23,1,3,244.44248449403392
23,1,3,224.8153402108608
23,1,3,251.16692380150405
23,1,3,233.03645749285633
23,1,3,244.3565826397369
23,1,3,233.0872582475426
23,1,3,230.3523404217255
23,1,3,238.49436536034625
23,1,3,246.6033436193878
23,1,3,234.61929871873065
23,1,3,239.48040535418386
23,1,3,215.7906748304137
23,1,3,248.88038716770956
23,1,3,225.98934919581626
23,1,3,249.33238876659672
24,0,0,235.55933822991136
24,0,0,246.24721173491514
24,0,0,242.34760896740184
24,0,0,207.21001931567304
24,0,0,180.82220308026353
24,0,1,206.47747962481492
24,0,1,242.11437547579317
24,0,1,251.82163860225205
24,0,1,208.8263856764905
24,0,1,256.2684095247313
24,0,1,235.80812786517822
24,0,1,220.83543479365596
24,0,1,232.55401173059659
24,0,2,254.77261025492106
24,0,2,235.45755958949258
24,0,2,229.11778212563001
24,0,3,220.99033002897437
24,0,3,237.98881232282997
24,0,3,240.91359846522033
24,0,3,231.83866737747076
24,0,3,207.30860354683023
24,0,3,218.97320108939053
24,0,3,225.46275627824505
24,0,3,242.72007994966054
24,0,3,229.9596729885099
24,0,3,235.95697407302617
24,0,3,232.14202174818806
24,0,3,226.87807659399692
24,0,3,189.76440905571434
24,0,3,262.6517486486837
24,0,3,222.4343281816002
24,0,3,221.693415593253
24,0,3,235.45755958949258
24,0,3,228.25627835620926
24,0,3,216.4240817567234
24,0,3,232.31241478566
24,0,3,237.70298798739512
24,0,3,244.45072065344067
24,0,3,229.935102992916
24,0,3,207.6191907453644
24,0,3,231.41022822409235
24,0,3,224.46833067934372
24,0,3,224.3610596394974
24,0,3,216.50988737765664
24,0,3,230.49225619893375
24,0,4,231.77971973458125
24,0,4,210.516987865232
24,1,0,253.89325230554363
24,1,0,217.02082298783293
24,1,0,236.31674577380102
24,1,0,256.2854262990396
24,1,0,240.22044621259607
24,1,0,245.40464235518016
24,1,0,220.40785950699245
24,1,0,244.3890077542419
24,1,0,227.81233823981245
24,1,0,225.36850415452204
24,1,1,220.11089604757854
24,1,1,245.59654645675494
24,1,1,235.92957253121534
24,1,1,233.4850223013705
24,1,1,224.60262564658007
24,1,1,248.70961287935023
24,1,1,219.25441732805078
24,1,1,225.95455542087683
24,1,2,214.2070301389041
24,1,3,274.1117870867172
24,1,3,231.77765240035924
24,1,3,225.97501785466608
24,1,3,241.43123673150743
24,1,3,228.0045330087142
24,1,3,253.77906679322632
24,1,3,244.35665844506508
24,1,3,253.6933502287159
24,1,3,244.57854544766133
24,1,3,226.34697627063767
24,1,3,226.8035153102332
24,1,3,263.2027019573883
24,1,3,228.3105689004212
24,1,3,222.0115506893896
24,1,3,239.14868601303687
24,1,3,234.1458077469696
24,1,3,235.328161473722
24,1,3,254.4644330393437
24,1,3,219.87698047927836
24,1,3,254.16398741827436
24,1,3,198.64028247339292
24,1,3,243.48337094535245
24,1,3,208.30603141719325
24,1,3,238.31708586974085
24,1,3,213.90196946710907
24,1,3,256.8505509461153
24,1,3,195.9846739472483
24,1,3,236.56538469613986
24,1,3,211.55944204126365
24,1,3,234.34334029716035
24,1,3,213.63921890067166
24,1,3,231.4578393417059
24,1,3,243.5945700777159
24,1,3,233.78631886741437
24,1,3,224.38072055767805
24,1,3,246.75752190561298
24,1,3,257.5902818137836
24,1,3,245.2965014802197
24,1,3,223.92881648445146
24,1,3,226.80925759567344
24,1,3,247.2839982690603
24,1,3,238.20884566921393
24,1,4,228.15461574809734
24,1,4,204.6136592770324
24,1,4,232.48831531939845
25,0,0,226.8521562258497
25,0,0,213.68730121302175
25,0,0,225.38874145648057
25,0,0,243.69792657820378
25,0,0,216.74592789823478
25,0,0,214.94449569733735
25,0,0,236.94815929001305
25,0,0,184.4657640015769
25,0,0,257.2299432364547
25,0,0,215.45917857222622
25,0,0,239.16831043723238
25,0,1,231.85452429644607
25,0,1,254.2507838497876
25,0,1,201.93233432256847
25,0,1,225.86823106197986
25,0,1,223.69162657611713
25,0,1,244.90115132341361
25,0,1,223.56229760516322
25,0,1,223.1981956335331
25,0,2,204.4437630750947
25,0,2,208.01891948094087
25,0,3,237.5229624101642
25,0,3,235.88065896722304
25,0,3,228.18616754649912
25,0,3,274.49301464210544
25,0,3,194.76083500613805
25,0,3,237.66692369964238
25,0,3,206.75986869919893
25,0,3,243.06440276998688
25,0,3,214.62294937861873
25,0,3,263.27773187019557
25,0,3,231.18038753720236
25,0,3,235.27286182461037
25,0,3,239.1824541853602
25,0,3,236.3311985567061
25,0,3,219.36060333118664
25,0,3,236.59238226731938
25,0,3,212.74553769754021
25,0,3,239.41519503023557
25,0,3,256.77411966420107
25,0,3,253.08625815334142
25,0,3,219.53762020314258
25,0,3,230.72290106313773
25,0,3,237.2829051453185
25,0,3,224.5852986390795
25,0,3,258.3107788406984
25,0,3,245.49699074478667
25,0,3,223.68349910304323
25,0,3,262.7447398650139
25,0,3,212.71559333140237
25,0,3,224.56867665818385
25,0,3,220.05585679886906
25,0,3,209.7629929892288
25,0,3,227.68617837016848
25,0,3,227.27819723943372
25,0,3,234.7978401698732
25,0,3,225.95850630199214
25,0,3,229.04144191236378
25,0,3,208.18626751249235
25,0,3,236.18154922186116
25,0,3,250.93475086370995
25,0,3,223.29160880023943
25,0,3,242.53059526417871
25,0,3,243.85464501397237
25,0,3,160.97680347394385
25,1,0,222.12228579198086
25,1,0,246.5979323428651
25,1,0,214.7477029483103
25,1,0,254.6987584186294
25,1,0,231.3637978482015
25,1,0,246.78332810801328
25,1,0,241.78625621697336
25,1,0,218.5705394971154
25,1,0,228.47620978037975
25,1,1,224.5987959628162
25,1,1,259.3885139327145
25,1,2,223.50507467568292
25,1,2,226.2743008737184
25,1,3,243.68070988573967
25,1,3,234.79546472491018
25,1,3,223.66333632081313
25,1,3,233.03439408478397
25,1,3,213.24217899868188
25,1,3,232.52052137162326
25,1,3,240.82203742876544
25,1,3,221.04817331791378
25,1,3,257.58476719166447
25,1,3,250.01099562444676
25,1,3,185.95772930189756
25,1,3,251.52508707170617
25,1,3,241.1408785487374
25,1,3,253.87729492330766
25,1,3,242.99790388268826
25,1,3,240.33628394308545
25,1,3,232.50470378902352
25,1,3,260.31707372102284
25,1,3,249.86872525991072
25,1,3,272.45890625492245
25,1,3,244.88742552218127
25,1,3,226.2088429374772
25,1,3,255.01151238019418
25,1,3,233.42887366524315
25,1,3,256.98368761687004
25,1,3,242.72999899893355
25,1,3,231.3637978482015
25,1,3,246.78332810801328
25,1,3,242.72999899893355
25,1,3,241.78625621697336
25,1,3,218.5705394971154
25,1,3,228.47620978037975
25,1,3,253.43235850178306
25,1,3,241.63296235774249
25,1,3,250.24690165541995
25,1,3,215.27719315106333
25,1,3,220.70133104641502
25,1,3,239.2439984590103
25,1,3,227.50889870903583
25,1,3,237.81396921940026
25,1,3,242.0180454625298
25,1,3,235.4608416956017
25,1,3,239.41253336827418
25,1,3,206.92552203685085
25,1,3,217.73980870617058
25,1,3,232.3098586563706
25,1,3,235.92662970884783
25,1,3,252.17773589657793
25,1,3,219.87775253862782
25,1,3,215.96082825985124
25,1,3,244.11498160348106
25,1,3,245.7923968599154
25,1,4,243.75869323831827
25,1,4,240.57310588059312
26,0,0,251.94097083602045
26,0,0,226.40662818872576
26,0,0,228.6912809280782
26,0,0,216.045553276453
26,0,0,207.66681583887544
26,0,0,222.89311334826425
26,0,0,235.25055524143573
26,0,0,237.72813892306237
26,0,0,230.09566111213795
26,0,0,191.26857232052805
26,0,0,231.0078740270354
26,0,0,221.59032456855795
26,0,0,217.41609359604217
26,0,0,257.5737793291928
26,0,0,203.49788898305667
26,0,0,233.92444928742452
26,0,0,224.15857171183723
26,0,0,249.45754821728616
26,0,0,244.9173052048463
26,0,0,216.53978069139268
26,0,0,219.9675260701203
26,0,0,256.4473122012672
26,0,0,222.78862970656598
26,0,0,222.96231861025854
26,0,0,254.96322986984399
26,0,0,252.26909275895736
26,0,0,234.4759084576486
26,0,0,204.99552848434053
26,0,0,246.04129296889215
26,0,0,184.42746461872392
26,0,0,216.48105564809873
26,0,0,235.02238893133472
26,0,0,263.2714233996362
26,0,0,228.5275666544079
26,0,0,260.1728011016669
26,0,1,239.35194165670632
26,0,1,245.73832744233542
26,0,1,236.3607437224902
26,0,1,231.0181483153655
26,0,1,231.69726507206528
26,0,1,212.00692955401487
26,0,1,233.9321768714257
26,0,1,210.94448129748417
26,0,1,236.5885341288862
26,0,1,236.7823989586941
26,0,1,229.40852805477073
26,0,1,223.13299948533728
26,0,1,214.89860256218373
26,0,1,278.95657968865714
26,0,1,230.37913366923158
26,0,2,215.62430454649143
26,0,2,225.87442826441693
26,0,2,220.2104993014794
26,0,2,212.63556541790896
26,0,2,230.19185983016752
26,0,2,206.22154444415725
26,0,2,218.15706782217654
26,0,2,243.07219671784304
26,0,2,251.21543846711631
26,0,3,197.00376838698662
26,0,3,246.95372789537012
26,0,3,217.23452591715176
26,0,3,226.117177662705
26,0,3,230.78763841514802
26,0,3,262.06928018803217
26,0,3,239.42731331312876
26,0,3,235.75050078810239
26,0,3,253.12694005148865
26,0,3,236.4979708700545
26,0,3,240.69861938688496
26,0,3,237.3790558800194
26,0,3,231.6479353569297
26,0,3,218.9665353123962
26,0,3,232.2714780272211
26,0,3,217.74080851186062
26,0,3,203.97603533149572
26,0,3,225.40307664352804
26,0,3,192.26386875356718
26,0,3,218.0088760530669
26,0,3,262.1303728626503
26,0,3,211.79006270673383
26,0,3,265.5138145591563
26,0,3,212.04381718475412
26,0,3,232.9771576326897
26,0,3,246.27130830096561
26,0,3,216.6638138186842
26,0,3,197.58370098984776
26,0,3,193.64850147000314
26,0,3,217.65438996398183
26,0,3,256.76648471879116
26,0,3,214.05383443555945
26,0,3,214.77263479978396
26,0,3,239.1672296494247
26,0,3,236.32954322231188
26,0,3,250.7460099002465
26,0,3,228.96125279449774
26,0,3,244.8743167538773
26,0,3,226.99732634992094
26,0,3,229.5604876378712
26,0,3,250.9114784442446
26,0,3,241.03453574836527
26,0,3,231.75850109562862
26,0,3,214.8234470654036
26,0,3,254.70830987828643
26,0,3,247.52584481951604
26,0,3,280.1833165012483
26,0,3,234.1787046861965
26,0,3,237.9577917269923
26,0,3,264.6762156565583
26,0,3,240.48789758460208
26,0,3,235.70708922786952
26,0,3,222.46580676062086
26,0,3,200.85438949793507
26,0,3,230.45845943105047
26,0,3,276.9776539038211
26,0,3,259.79848693842746
26,0,3,243.27942054380082
26,0,3,232.7770998459667
26,0,3,214.4298037579192
26,0,3,211.08401222825105
26,0,3,229.45756805067109
26,0,3,228.4955234307729
26,0,3,218.4606406011034
26,0,3,273.4609759663658
26,0,3,233.97818512489084
26,0,3,219.0436869818098
26,0,3,225.40132456895577
26,0,3,242.47299977544995
26,0,3,226.76827176917527
26,0,3,237.66923282772115
26,0,3,234.69847815704208
26,0,3,222.34419428097686
26,0,3,220.59780973089516
26,0,3,224.163108953775
26,0,3,250.37944561643974
26,0,3,205.7619875821584
26,0,3,190.78074596169535
26,0,3,261.13506904716917
26,0,3,231.53712890398225
26,0,3,236.62996579281304
26,0,3,218.4606406011034
26,0,3,190.78745785790665
26,0,3,251.25355766330077
26,0,3,237.1181417456088
26,0,3,261.2428742051542
26,0,3,235.21416897444539
26,0,3,240.47376195793686
26,0,3,234.80784196838613
26,0,3,227.94944007909547
26,0,3,240.36131474308706
26,0,3,259.7078331172904
26,0,3,223.1656910738286
26,0,3,219.01795655066704
26,0,3,250.9652975163151
26,0,3,236.23516260271916
26,0,3,190.06688836222537
26,0,3,195.69407571771342
26,0,3,237.42689867363578
26,0,3,237.42689867363578
26,0,3,226.42144730762325
26,0,3,245.43086976236143
26,0,3,241.86003575967285
26,0,3,231.76863458433806
26,0,3,231.46002662268208
26,0,3,211.95078782795974
26,0,3,235.3672956755522
26,0,3,227.80329239586644
26,0,3,242.29574546277203
26,0,3,227.67876298636799
26,0,3,233.19617460159265
26,0,3,261.709954121636
26,0,3,228.49621091634918
26,0,3,200.64684626088933
26,0,3,253.60886458468934
26,0,3,221.89834085742314
26,0,3,243.07219671784304
26,0,3,212.63556541790896
26,0,3,230.19185983016752
26,0,3,206.22154444415725
26,0,3,218.15706782217654
26,0,3,243.07219671784304
26,0,3,204.09102219100123
26,0,3,227.4042184014025
26,0,3,234.08377692186718
26,0,3,242.47299977544995
26,0,3,232.97913530464174
26,0,3,238.97811827826405
26,0,3,219.9675260701203
26,0,3,238.36067216298358
26,0,3,245.91009765183918
26,0,3,239.07110169015792
26,0,3,236.2377772942513
26,0,3,252.00824489078397
26,0,3,242.95968648513542
26,0,3,214.42768074549633
26,0,3,206.22154444415725
26,0,3,243.07219671784304
26,0,3,252.49949889201812
26,0,3,228.34817375220396
26,0,3,254.26518719140094
26,0,3,240.41526121859812
26,0,3,244.02331221096364
26,0,3,243.68710777977736
26,0,3,228.3133181517374
26,0,3,228.83501731403217
26,0,3,230.93095627554894
26,0,3,247.2350040745215
26,0,3,213.62277594894442
26,0,3,255.7128482078268
26,0,4,241.96733285457694
26,0,4,223.39063968478592
26,1,0,232.53936285266417
26,1,0,233.91255781116362
26,1,0,242.29146268891853
26,1,0,235.93296586337297
26,1,0,251.01007711052625
26,1,0,238.57877567649916
26,1,0,253.01804850372366
26,1,0,241.2849735561421
26,1,0,248.06794434201376
26,1,0,247.44537747679647
26,1,0,238.57311362812513
26,1,0,241.62558740726746
26,1,0,247.77980518085542
26,1,0,236.96624013413938
26,1,1,245.45711880767203
26,1,1,266.3538659368878
26,1,1,236.40435189060025
26,1,1,224.28435036151512
26,1,1,251.1484118500075
26,1,1,247.0583556408758
26,1,1,243.04858471829291
26,1,1,243.18709758388383
26,1,1,248.50242660322124
26,1,1,198.99910190043767
26,1,1,274.7436761732689
26,1,2,229.0434888312451
26,1,3,257.6862718350237
26,1,3,245.63810570048042
26,1,3,243.2001167832359
26,1,3,222.25509177877422
26,1,3,254.4305507604986
26,1,3,233.1978520748895
26,1,3,235.9365840668031
26,1,3,243.7424027983653
26,1,3,232.9724992564382
26,1,3,242.70243346304196
26,1,3,235.10998290161217
26,1,3,228.3148658685086
26,1,3,237.84564585302454
26,1,3,225.1754046981583
26,1,3,224.52306390300035
26,1,3,255.42074683977242
26,1,3,244.27337566471402
26,1,3,234.1787046861965
26,1,3,229.88867462191962
26,1,3,250.43780863699402
26,1,3,274.5167455917374
26,1,3,227.2551724420731
26,1,3,245.09394255540155
26,1,3,254.95186176158808
26,1,3,259.8267196220114
26,1,3,279.4161491967244
26,1,3,244.63002206243232
26,1,3,197.44743828024272
26,1,3,261.13506904716917
26,1,3,259.4937936259497
26,1,3,216.21028594865442
26,1,3,229.26559603125207
26,1,3,250.9361314926006
26,1,3,270.98356996703296
26,1,3,249.26555493552456
26,1,3,223.11241827277593
26,1,3,220.70400409382165
26,1,3,247.16503482859673
26,1,3,249.49488310498242
26,1,3,259.49940423604573
26,1,3,261.29943119768416
26,1,3,224.59971879862604
26,1,3,247.00898439130538
26,1,3,220.92076691563062
26,1,3,233.61019437854964
26,1,3,246.26198956302028
26,1,3,243.69944270493917
26,1,3,265.55515966884195
26,1,3,248.517308429194
26,1,3,262.56295895939553
26,1,3,255.73433097459818
26,1,3,214.6924969017601
26,1,3,230.19850961556165
26,1,3,248.8434248866447
26,1,3,262.57181009897255
26,1,3,253.09407147928442
26,1,3,273.072432865523
26,1,3,235.7345598703837
26,1,3,227.68906935616377
26,1,3,258.1148497059877
26,1,3,202.1144916876454
26,1,3,250.42401037034477
26,1,3,224.60351378546878
26,1,3,216.9882156850312
26,1,3,228.59957445965694
26,1,3,238.92664601814295
26,1,3,245.28910147333994
26,1,3,235.05557928534358
26,1,3,233.89245030789021
26,1,3,230.61087938914994
26,1,3,232.25799039120227
26,1,3,241.45184350301477
26,1,3,217.7298379840732
26,1,3,237.0281526033984
26,1,3,254.81959694792914
26,1,3,243.9615583117121
26,1,3,243.4947475546195
26,1,3,260.24870922806565
26,1,3,238.64370790700858
26,1,3,238.56681881654168
26,1,3,250.64269116949174
26,1,3,242.8551154848563
26,1,3,218.90352125808153
26,1,3,253.34022211871167
26,1,3,267.72572532932423
26,1,3,249.70948145154674
26,1,3,215.4642815661486
26,1,3,261.1644716152546
26,1,3,238.40172462582598
26,1,3,226.3246368274284
26,1,3,238.52040867912103
26,1,3,248.99038867758338
26,1,3,239.65505751489195
26,1,3,246.27440747709625
26,1,3,253.23113601400811
26,1,3,245.00475151698376
26,1,3,223.29835812944913
26,1,3,232.1290267159872
26,1,3,249.52071450104927
26,1,3,216.589470043221
26,1,3,245.06425687757428
26,1,3,241.0968774268437
26,1,3,236.6460163612086
26,1,3,229.2489088840548
26,1,3,239.73749532942534
26,1,3,236.84716342519664
26,1,3,251.8302927805102
26,1,3,248.5326310605608
26,1,3,228.1179354621089
26,1,3,229.15060793827305
26,1,3,238.4626341041622
26,1,3,238.02900036294608
26,1,3,238.63463368006464
26,1,3,242.78013080192972
26,1,3,230.4717857557916
26,1,3,232.64623945846583
26,1,3,258.90367961011754
26,1,3,245.25763280468902
26,1,3,246.11329811994446
26,1,3,253.59133531104357
26,1,3,246.40806894316052
26,1,3,247.52620699388967
26,1,3,237.5936098018417
26,1,3,261.5219788324416
26,1,4,225.7546594196868
27,0,0,221.72920291953565
27,0,0,234.9489743128778
27,0,0,238.68322167353836
27,0,0,240.55553058660058
27,0,0,216.6610719494064
27,0,0,206.23576360407196
27,0,0,199.94415512040155
27,0,0,224.8279827677005
27,0,0,246.32200128232247
27,0,0,228.27016807412338
27,0,1,231.0824641585037
27,0,1,249.4420589992052
27,0,1,228.51330880826617
27,0,1,249.11826170682082
27,0,1,219.42431276373554
27,0,1,237.93797357801344
27,0,1,234.4387776913212
27,0,1,217.38185288808353
27,0,1,175.13716299880264
27,0,2,242.4224001942016
27,0,2,247.17182038964066
27,0,2,220.72132218424034
27,0,2,245.0687196962583
27,0,2,209.80228287687083
27,0,2,236.43172127413206
27,0,2,200.2196486305823
27,0,2,244.3589757662189
27,0,2,192.44684105415382
27,0,2,221.63683583335245
27,0,3,222.26014637789876
27,0,3,241.3834316472403
27,0,3,239.29676357829626
27,0,3,254.6764925213411
27,0,3,222.3318132459127
27,0,3,217.3765237065906
27,0,3,245.71513689094417
27,0,3,207.91836755360512
27,0,3,246.32200128232247
27,0,3,224.46578626457975
27,0,3,242.86284555145852
27,0,3,201.160071546763
27,0,3,207.09412200364287
27,0,3,245.3760139174745
27,0,3,208.8424987028871
27,0,3,226.9171963613084
27,0,3,255.3821755213229
27,0,3,239.24887066373395
27,0,3,264.6743586103944
27,0,3,212.6408537757621
27,0,3,205.66922733338833
27,0,3,228.97636170749905
27,0,3,241.53664661429025
27,0,3,223.06911817047506
27,0,3,220.67499180081967
27,0,3,234.2379631530097
27,0,3,226.9886382619084
27,0,3,238.54070427643958
27,0,3,191.66519425331717
27,0,3,258.70095759189127
27,0,3,211.42031338427012
27,0,3,261.24441611263387
27,0,3,239.00203847011565
27,0,3,254.94957112990463
27,0,3,239.1244179845097
27,0,3,243.2213617147454
27,0,3,263.49428957262967
27,0,3,225.73102446209685
27,0,3,221.87518940069364
27,0,3,235.54411809621385
27,0,4,225.19486596590906
27,1,0,240.1525287424208
27,1,0,220.61614476837093
27,1,0,245.6792281552597
27,1,0,221.16492080797306
27,1,1,228.35666446488406
27,1,1,224.4937266380742
27,1,1,259.7322031874535
27,1,1,229.71295812329402
27,1,2,221.17628477179488
27,1,3,239.16766049138414
27,1,3,225.11866910381804
27,1,3,236.63946640711237
27,1,3,262.2112370222787
27,1,3,229.09803289263522
27,1,3,231.83066032574374
27,1,3,237.07267417127053
27,1,3,239.52909802421118
27,1,3,231.54246985244617
27,1,3,228.44575545976835
27,1,3,250.56588554063904
27,1,3,244.81576488822134
27,1,3,206.9146750324963
27,1,3,227.0566833843517
27,1,3,237.6060412874926
27,1,3,251.00434185444004
27,1,3,230.2457621762041
27,1,3,229.73339399102983
27,1,3,243.79264660039365
27,1,3,266.2132821230581
27,1,3,234.1131114535338
28,0,0,205.6878476955722
28,0,0,249.59149530987662
28,0,0,230.5376675730026
28,0,0,231.80279263251663
28,0,0,245.35201631408574
28,0,0,223.85983104422544
28,0,0,237.88620875533428
28,0,0,227.14433924838852
28,0,0,218.4791323226354
28,0,0,247.43169408626687
28,0,0,223.14241416079273
28,0,0,267.43715054659987
28,0,0,247.3046152162243
28,0,0,227.97333501061004
28,0,0,226.54948137585205
28,0,0,233.5349215328098
28,0,0,255.84221497262612
28,0,0,215.75024686321444
28,0,0,237.86182354294596
28,0,1,238.09473020264315
28,0,1,227.9693011499894
28,0,1,221.38457128795113
28,0,1,228.38569395770762
28,0,1,219.46720770426282
28,0,1,234.28412848030393
28,0,1,236.80313267529883
28,0,1,208.389692546401
28,0,2,223.00850065862863
28,0,2,232.7919760446859
28,0,3,204.63616439359237
28,0,3,236.5837165889031
28,0,3,223.16137688731968
28,0,3,244.29350691556215
28,0,3,204.51269259661854
28,0,3,240.9877766733341
28,0,3,215.52287060049582
28,0,3,210.00950599832805
28,0,3,233.39378152542892
28,0,3,233.39378152542892
28,0,3,226.31461248974614
28,0,3,238.24187164293716
28,0,3,234.94766372612474
28,0,3,205.56048855373328
28,0,3,184.2698752424398
28,0,3,250.8083234878664
28,0,3,232.93115163192874
28,0,3,218.2613513346481
28,0,3,209.68035786756994
28,0,3,214.37925591498467
28,0,3,222.80343162393922
28,0,3,206.99584650699165
28,0,3,255.26687493030215
28,0,3,240.0250601958133
28,0,3,203.4552304953218
28,0,3,219.15773614717529
28,0,3,231.70476257198982
28,0,3,207.0231857538385
28,0,3,231.35806865899633
28,0,3,219.8742653490869
28,0,3,209.17664182742584
28,0,3,256.1274196426915
28,0,3,217.81859290486778
28,0,3,214.9921985969438
28,0,3,218.45658602927983
28,0,3,246.5567745020053
28,0,3,226.2124979894769
28,0,3,229.67265819558395
28,0,3,236.4562398229336
28,0,3,243.46622430962634
28,0,3,245.66689510316408
28,0,3,268.2130033641798
28,0,3,235.34777056590917
28,0,3,206.99443736360558
28,0,3,222.60875548583613
28,0,3,248.18718469622917
28,0,3,206.99443736360558
28,0,3,223.8296834855582
28,0,3,217.3324171138068
28,0,3,229.25733033105
28,0,3,225.34820082267944
28,0,3,232.81543732207354
28,0,3,221.37443489680226
28,0,3,237.40038109977561
28,0,3,248.7596615506622
28,0,3,163.59243942761407
28,0,3,249.25311185863166
28,0,3,236.07480187748092
28,0,3,221.69754859573635
28,0,3,238.5849539578756
28,0,3,221.53658135026785
28,0,3,230.9307021661855
28,0,3,217.59090921760122
28,0,3,229.84586282021002
28,0,3,244.0298936928492
28,0,3,219.79760072233563
28,0,3,221.53658135026785
28,0,3,259.23670279240844
28,0,3,227.4511010048838
28,0,3,237.10780644363908
28,0,3,230.48449347461354
28,0,3,229.84586282021002
28,0,3,237.91515620105542
28,0,3,225.74684143929156
28,0,3,221.78174589354177
28,0,3,222.40135131878355
28,0,3,257.8966388376827
28,0,3,232.81955487235604
28,0,3,239.57348499740573
28,0,3,254.27610013592758
28,0,3,189.74141860412215
28,0,3,229.62650006938162
28,0,3,243.11531752289403
28,0,3,246.8926116146442
28,0,4,228.68148093962574
28,0,4,211.76506051525652
28,1,0,243.36333685510277
28,1,0,237.0994991593482
28,1,0,220.82194555127893
28,1,0,205.7651904745752
28,1,0,252.99480969324148
28,1,0,245.26093080323494
28,1,0,246.78400897653992
28,1,0,196.53300413583565
28,1,0,215.8782049210627
28,1,1,226.98051726301952
28,1,1,266.37219328589026
28,1,1,219.1585556938137
28,1,1,257.5840807955914
28,1,1,245.18596202613293
28,1,1,248.44599904178781
28,1,3,247.05617608413365
28,1,3,233.06350771387895
28,1,3,245.63115826806757
28,1,3,223.03548851940474
28,1,3,209.68035786756994
28,1,3,234.00928439381462
28,1,3,225.18598227500274
28,1,3,225.74684143929156
28,1,3,250.42170283305265
28,1,3,225.74684143929156
28,1,3,238.6502354635756
28,1,3,230.13904667284083
28,1,3,207.8351681998621
28,1,3,232.75231504273748
28,1,3,242.07709040439767
28,1,3,252.73658580094195
28,1,3,237.4982461105739
28,1,3,216.9184620083268
28,1,3,197.88748499523737
28,1,3,229.11911962465388
28,1,3,195.16149719876844
28,1,3,219.66684306792246
28,1,3,230.03927640061303
28,1,3,226.05524537739416
28,1,3,228.46469170611323
28,1,3,227.34276826078147
28,1,3,254.3291634377887
28,1,3,223.774271605827
28,1,3,245.10134500195295
28,1,3,256.82408442768735
28,1,3,219.39319146062832
28,1,4,225.80441761827845
29,0,0,241.11702247620656
29,0,0,239.2506797994604
29,0,0,226.03831171656753
29,0,0,241.90442198305442
29,0,0,235.62635526185298
29,0,0,235.49335787581725
29,0,1,224.30118821298586
29,0,1,237.56232725818387
29,0,1,220.39223744971457
29,0,3,225.4437204941795
29,0,3,227.5221987912133
29,0,3,212.4719505470101
29,0,3,217.29742033090338
29,0,3,255.241315188462
29,0,3,220.82694535708652
29,0,3,224.17089676483806
29,0,3,220.80798907070033
29,0,3,243.45200328787618
29,0,3,224.7679924214305
29,0,3,240.71488148849733
29,0,3,221.2177428440043
29,0,3,212.85631544802004
29,0,3,237.54842746774932
29,0,3,233.620207128553
29,0,3,243.84095169307102
29,0,3,233.7920284471717
29,0,3,235.38586848713564
29,0,3,217.91583687739677
29,0,3,219.3697154184851
29,0,3,218.6148687731224
29,0,3,197.02245714921526
29,0,3,218.38106159644644
29,0,3,218.34874134610394
29,0,3,222.21003297301678
29,0,3,232.91569068302817
29,0,3,232.99249957982073
29,0,3,232.033383364465
29,0,3,245.6746944324775
29,0,3,242.32783716393442
29,0,3,231.61803471854273
29,0,4,248.45112504261056
29,0,4,210.16225964565973
29,1,0,236.4097213127942
29,1,0,223.81129895044768
29,1,0,242.8645266260712
29,1,0,227.7266315890687
29,1,0,231.99071902258453
29,1,0,231.9620937130117
29,1,0,241.4111787117626
29,1,0,249.36498587938496
29,1,1,230.5546123984932
29,1,1,250.56842415762372
29,1,1,247.7301619277036
29,1,1,198.6436435097503
29,1,3,230.2191041844647
29,1,3,235.3760537034721
29,1,3,231.55642992081084
29,1,3,219.54314966699042
29,1,3,253.0365759141602
29,1,3,240.8620911350679
30,0,0,221.0136207100293
30,0,0,201.47651542663112
30,0,0,238.2789173231041
30,0,0,219.519050069549
30,0,0,221.6317900807035
30,0,0,210.21966336190064
30,0,0,219.19406954089317
30,0,0,247.270095491706
30,0,0,247.76998952828566
30,0,0,243.44234757221886
30,0,0,205.32234535016624
30,0,0,245.7619529254351
30,0,0,241.99991310077496
30,0,0,260.97262068564
30,0,0,236.41609665621922
30,0,0,254.75617071122747
30,0,1,255.42680403727655
30,0,1,229.18482558713742
30,0,2,212.8324791077588
30,0,2,249.0854082118982
30,0,2,221.9670782675356
30,0,3,206.0581090359826
30,0,3,198.5300042058575
30,0,3,231.57385833065402
30,0,3,228.35589348445566
30,0,3,223.0596196285916
30,0,3,249.72674316225397
30,0,3,201.76380608881468
30,0,3,201.6603432622583
30,0,3,204.39179684359164
30,0,3,221.2305229608498
30,0,3,246.0087606993528
30,0,3,201.8026409543622
30,0,3,204.77014645048672
30,0,3,251.79982840212398
30,0,3,243.865045103472
30,0,3,242.93960987177516
30,0,3,208.1107004782083
30,0,3,220.40707883268374
30,0,3,222.9577969289146
30,0,3,249.42586236861172
30,0,3,252.12965337894377
30,0,3,243.05301866224687
30,0,3,218.28507680049466
30,0,3,251.85275300489175
30,0,3,218.2326748810775
30,0,4,208.94827961421623
30,1,0,228.47878772709333
30,1,0,252.17275932951276
30,1,0,223.24312471073657
30,1,1,231.05099428522107
30,1,1,240.60495182436443
30,1,2,223.50142589703123
30,1,3,239.16766049138414
30,1,3,243.0195449612213
30,1,3,225.6973407504446
30,1,3,257.12118825010515
30,1,3,233.14679968842495
30,1,3,240.91295931966138
30,1,3,230.64803707535458
30,1,3,223.421351077793
30,1,3,231.73474699465294
30,1,3,227.94369534818253
30,1,3,227.831043939015
30,1,3,216.1448107490221
30,1,3,233.24402345623545
30,1,3,233.55311656940643
31,0,0,217.6084272465715
31,0,0,224.69839243321343
31,0,0,240.1903779863639
31,0,0,230.08488750627902
31,0,0,233.78487673426454
31,0,0,217.888504349349
31,0,1,231.97271440748503
31,0,1,234.02022886136686
31,0,1,229.57677132776107
31,0,1,244.36003135838266
31,0,1,239.57994701661596
31,0,1,243.8385129531538
31,0,1,264.01906075021844
31,0,1,202.24023310687727
31,0,1,211.32038768361906
31,0,1,231.4010772211295
31,0,1,226.07316066276053
31,0,2,235.76287549203016
31,0,2,218.915533657447
31,0,3,212.02968480457324
31,0,3,228.64467710037366
31,0,3,201.88798033565132
31,0,3,216.87271048069147
31,0,3,253.2914674454482
31,0,3,198.38583579902019
31,0,3,218.8072211424834
31,0,3,195.77584266977857
31,0,3,234.48567416108554
31,0,3,224.93899679823596
31,0,3,234.81656885354556
31,0,3,253.15882473098537
31,0,3,217.37949737944257
31,0,3,201.46181381498047
31,0,3,167.1455508833979
31,0,4,203.54224927709254
31,0,4,219.5695611701077
31,0,4,243.58739122272175
31,0,4,236.5693130721457
31,0,4,181.34831437448065
31,1,0,215.9535790241962
31,1,0,217.8158076362394
31,1,0,219.71744842828292
31,1,0,214.526628847074
31,1,1,237.01546821044883
31,1,1,249.86527311679765
31,1,1,222.4051804162547
31,1,1,245.03166353670912
31,1,3,230.98709860754445
31,1,3,265.1508324576927
31,1,3,234.36885477307467
31,1,3,232.7361208675469
31,1,3,229.53633787490375
31,1,3,225.12143377941248
31,1,3,228.29233251127573
32,0,0,248.03287397887797
32,0,0,232.22708139145428
32,0,0,236.98410857595957
32,0,0,218.8882726570476
32,0,0,231.37224971676153
32,0,0,232.66615842204183
32,0,1,233.253040149625
32,0,1,188.56776850476524
32,0,3,225.34728499690198
32,0,3,216.21590013726444
32,0,3,239.82285355532827
32,0,3,242.89247859148333
32,0,3,246.0302248108331
32,0,3,238.28884196969108
32,0,3,244.063934219689
32,0,3,214.58411403682308
32,0,3,250.90663209855703
32,0,3,239.09852145702604
32,0,3,233.1281943139983
32,0,3,255.76693990353442
32,0,3,188.56967647099896
32,0,3,215.982816809508
32,0,3,217.4942075224193
32,0,3,210.00435126771197
32,0,3,232.01654778536167
32,0,3,243.56165326394586
32,0,3,232.0354302865731
32,0,3,209.72356465014303
32,0,3,203.61644889197896
32,0,3,220.97994142504365
32,0,3,185.6216656162576
32,0,3,226.6195723991607
32,0,3,228.58562877187575
32,0,3,237.039723273761
32,0,3,206.55886625255977
32,0,3,243.5385157096904
32,0,3,219.22372242780781
32,0,3,214.8848244241321
32,0,3,213.21158532420048
32,0,3,221.11214392799673
32,0,3,197.61030153636108
32,0,3,201.67095640217627
32,1,0,248.1569604819686
32,1,0,256.53125712819843
32,1,0,226.29045080703924
32,1,0,241.29219170398417
32,1,0,211.9864822408143
32,1,0,241.04843141495405
32,1,1,253.2779571574095
32,1,1,220.6606663156817
32,1,1,237.7050071042069
32,1,3,233.78346814714482
32,1,3,226.79661330577545
32,1,3,224.1214019235639
32,1,3,244.1053260958186
32,1,3,242.15785306796238
32,1,3,243.1771922797845
32,1,3,199.34968757965862
32,1,3,213.52648750033458
33,0,0,238.42817834232068
33,0,0,229.1037974931665
33,0,0,217.9973739384329
33,0,0,260.9105220464128
33,0,0,249.69509830171424
33,0,1,240.09181564402314
33,0,1,249.38063699002288
33,0,2,228.7758156139859
33,0,3,205.56348001007137
33,0,3,224.65798327880506
33,0,3,264.35817903527624
33,0,3,217.3683652212897
33,0,3,237.29831918216212
33,0,3,239.24356987933538
33,0,3,220.9530470047708
33,0,3,238.87264666101817
33,0,3,212.8419007483779
33,0,4,224.80327280336058
33,0,4,223.9940671104907
33,1,0,212.5240472581507
33,1,0,248.73079977763493
33,1,0,214.5878286913289
33,1,1,243.0417707891181
33,1,1,245.4489141482434
33,1,3,272.3182687934258
33,1,3,219.75682782874026
33,1,3,222.90585547675013
34,0,0,240.0528896332464
34,0,0,250.632670901163
34,0,0,214.88078877995338
34,0,0,213.4970307090106
34,0,0,230.3520324245806
34,0,0,214.46720941445702
34,0,0,175.60072614079982
34,0,0,239.10762115575756
34,0,0,235.7118204653989
34,0,1,226.7509030298005
34,0,1,232.29485212928194
34,0,2,240.0355762585189
34,0,2,223.18284309978944
34,0,3,216.06236004124509
34,0,3,230.39413833105812
34,0,3,224.58373429591117
34,0,3,208.93518820289935
34,0,3,228.23525579796916
34,0,3,214.44750416551435
34,0,3,238.97199454211454
34,0,3,242.36865536510257
34,0,3,253.74429141325584
34,0,3,201.58826295912974
34,0,3,218.3143847023358
34,0,3,218.97320108939053
34,0,3,226.14724852025512
34,0,3,250.9306098977657
34,0,3,208.41328988875838
34,0,3,242.99309027188306
34,0,3,200.96596886091976
34,0,3,218.62082731420608
34,0,3,236.5185542689195
34,0,3,241.47155443051105
34,0,3,225.5151460408925
34,0,3,216.37063796360565
34,0,3,235.05479635519976
34,0,3,209.7629929892288
34,0,3,223.9823292190286
34,0,3,206.9425648454228
34,0,3,222.79287483910747
34,0,3,214.2153163241144
34,0,3,204.56102236629636
34,0,3,240.65272629084134
34,0,3,228.7478419072558
34,0,3,218.72839668449268
34,0,3,249.3056240734374
34,0,3,249.3056240734374
34,0,3,216.42062611772772
34,0,3,221.1774360403441
34,0,3,219.01681456942438
34,0,3,259.92458975388683
34,0,3,221.52272601566145
34,0,3,226.1839265961533
34,0,3,186.22303750939827
34,0,3,226.922262915997
34,0,3,227.46074324533743
34,0,3,239.47330945264798
34,0,3,234.7442743740047
34,0,3,217.7683977452651
34,0,3,240.11343447266643
34,0,3,224.68952874689438
34,0,3,239.60567490828282
34,0,3,236.25181363902482
34,0,3,246.54657312902543
34,0,3,225.11178429667004
34,0,3,221.57085220601857
34,0,3,251.74903931427679
34,0,3,205.24078058277345
34,0,3,228.5182027071808
34,0,3,213.08769306087532
34,0,3,216.9204281133822
34,0,3,258.3589014122349
34,0,3,239.31741525616343
34,0,3,226.73236045314826
34,0,3,209.98778291767405
34,0,3,243.1148575807435
34,0,3,244.10411836292974
34,0,3,248.342681340455
34,0,4,212.27499175234846
34,0,4,233.27751062474135
34,1,0,250.30478250653766
34,1,0,256.99494594140333
34,1,0,218.1499443480497
34,1,0,232.54172060770986
34,1,0,222.48467892173267
34,1,0,245.42344213479578
34,1,0,235.68485705102978
34,1,0,235.69684400080172
34,1,0,212.72479123606053
34,1,1,239.27252035876484
34,1,1,238.6349728009113
34,1,1,247.3843123468743
34,1,3,248.41031310691537
34,1,3,233.7801480040995
34,1,3,269.6008642768265
34,1,3,222.00465973906427
34,1,3,242.24549439648086
34,1,3,265.0757745265022
34,1,3,217.56582034122613
34,1,3,225.2551193224998
34,1,3,209.03169288241506
34,1,3,222.61339265252084
34,1,3,217.13653297853864
34,1,3,218.32264955439925
34,1,3,214.8102814294453
34,1,3,237.04993395119115
35,0,0,214.0849087791502
35,0,0,258.04986581382514
35,0,0,246.66215028440593
35,0,0,225.5763021544961
35,0,0,219.628114629951
35,0,0,223.17891359319253
35,0,0,243.69792657820378
35,0,0,209.9720472486314
35,0,0,228.53325052185428
35,0,0,219.2161412207659
35,0,0,212.93606977548194
35,0,0,203.2280967511376
35,0,0,253.51828256852826
35,0,0,263.08376481892014
35,0,0,262.14973059992707
35,0,0,238.8722134354326
35,0,0,241.64198709143184
35,0,0,219.07091464677484
35,0,0,250.4901597724814
35,0,0,227.6159780224012
35,0,0,168.51159645947362
35,0,0,235.9038611902294
35,0,0,251.44472582675826
35,0,0,219.94970927391597
35,0,0,248.68664701393135
35,0,0,243.88759953824336
35,0,0,230.85936923136308
35,0,0,258.49420626072964
35,0,0,212.41604898161404
35,0,0,216.36996804436535
35,0,1,217.30064708435486
35,0,1,228.5028896657635
35,0,1,225.5092147062967
35,0,1,262.0868885146216
35,0,1,213.3546628726599
35,0,2,246.8405896088281
35,0,2,238.40567512907296
35,0,2,241.33600759325356
35,0,3,195.57676847091113
35,0,3,225.60153100829353
35,0,3,203.95430284501722
35,0,3,237.67080553647122
35,0,3,220.24759261411134
35,0,3,217.1541691375838
35,0,3,221.92072683561457
35,0,3,207.2222742174613
35,0,3,220.9969945003539
35,0,3,226.7583414084736
35,0,3,225.47975721869847
35,0,3,206.21525737722163
35,0,3,231.4372257001237
35,0,3,273.02668629281726
35,0,3,212.55779844144195
35,0,3,246.68727509743573
35,0,3,242.9318243130264
35,0,3,219.93880554165457
35,0,3,200.81832538804207
35,0,3,245.97435180833065
35,0,3,221.9391949382041
35,0,3,244.17424475092105
35,0,3,223.96045473107338
35,0,3,215.8395447479875
35,0,3,216.09168507566324
35,0,3,231.19264905998196
35,0,3,205.34757919587528
35,0,3,216.82109428120992
35,0,3,262.67889484272325
35,0,3,210.2708820341342
35,0,3,222.29390804600496
35,0,3,229.81940868006893
35,0,3,207.66773787404526
35,0,3,224.27821129065035
35,0,3,239.8295756616116
35,0,3,239.3568052944112
35,0,3,247.82246474831254
35,0,3,232.75760859072818
35,0,3,210.33268810146973
35,0,3,272.569137268349
35,0,3,216.13318317942208
35,0,3,244.46278496695908
35,0,3,238.68196936277013
35,0,3,238.51127604746443
35,0,3,241.6884456153798
35,0,3,274.53409962760384
35,0,3,253.51828256852826
35,0,3,151.5342980035606
35,0,3,239.09339169745027
35,0,3,228.7574778959136
35,0,3,256.3824190305591
35,0,4,236.93608133751496
35,1,0,232.98217210049245
35,1,0,239.40753557225543
35,1,0,206.725580011248
35,1,0,233.35724481855823
35,1,0,263.52243422975494
35,1,0,218.48103534420994
35,1,0,233.03841726808872
35,1,0,212.64600975744602
35,1,1,252.55349262933794
35,1,1,217.58001291737628
35,1,1,231.08553913687592
35,1,2,226.57747210189473
35,1,3,237.82532960641208
35,1,3,220.6289581275303
35,1,3,248.8928608922765
35,1,3,226.98056329950094
35,1,3,224.23940646727078
35,1,3,267.04533178234834
35,1,3,245.78811388263426
35,1,3,240.46385646722274
35,1,3,236.55708045046174
35,1,3,264.0427678676407
36,0,0,238.62667558057603
36,0,0,231.27680340398774
36,0,0,213.1396186348302
36,0,0,250.25399355755667
36,0,0,241.7154232193493
36,0,0,207.4550727901672
36,0,0,215.45279248316638
36,0,0,244.4170416735924
36,0,0,198.7500334482458
36,0,0,224.41117536725665
36,0,0,257.1317536699347
36,0,0,226.58431709710396
36,0,1,190.00332511219136
36,0,1,220.01489676473753
36,0,1,207.32861141291465
36,0,1,228.74618562480208
36,0,1,240.14249575186966
36,0,3,218.90651298184548
36,0,3,238.49455853481552
36,0,3,211.63033811371466
36,0,3,224.3171700918435
36,0,3,207.82322160294248
36,0,3,212.43680588878027
36,0,3,249.75017457002082
36,0,3,233.9903744025622
36,0,3,214.86166036504812
36,0,3,258.5070024103678
36,0,3,220.44655041958697
36,0,3,212.55805982497765
36,0,3,204.45889253140044
36,0,3,226.5326260254322
36,0,3,198.16872537295538
36,0,3,224.430166920513
36,0,3,219.27510844609395
36,0,3,234.42045381284854
36,0,3,211.95078782795974
36,0,3,232.9996622083395
36,0,3,211.41714282744013
36,0,3,197.80112206459896
36,0,3,254.03724311394024
36,0,3,254.47744308988626
36,0,3,233.1588921260468
36,0,3,237.02511478352244
36,0,3,204.51187729350528
36,0,3,231.86064063713215
36,0,3,225.50470684624565
36,0,3,240.45195897888567
36,0,3,232.42080991831818
36,0,3,213.14831977646938
36,0,3,233.49669144268915
36,0,3,235.8669567736025
36,0,3,234.61145718741182
36,0,3,241.45027755300367
36,0,3,247.72292677526167
36,0,3,221.73099328337412
36,0,3,241.19077815537293
36,0,3,236.0970041751674
36,0,3,231.53487094894064
36,0,3,259.5350100624453
36,0,3,225.08258824585081
36,0,3,255.54378787189506
36,0,3,247.47768098671483
36,0,3,237.08096944076644
36,0,3,239.72391938298432
36,0,3,255.03598628923402
36,0,3,198.8335205719447
36,0,3,218.83427502013495
36,0,3,218.66219605332523
36,0,3,210.4947224807862
36,0,3,232.04318592998482
36,0,3,261.248654019989
36,0,3,225.9630987124247
36,0,3,225.9630987124247
36,0,3,208.43489571436706
36,0,3,225.2037226633189
36,0,3,233.97669412630967
36,0,3,223.45630372230136
36,0,3,234.7282521486593
36,0,3,229.9755485574106
36,1,0,236.04826537834697
36,1,0,215.90883016027274
36,1,1,250.79372940270255
36,1,2,241.47681046967165
36,1,2,200.9427701527389
36,1,3,230.4838789347051
36,1,3,259.0919848567471
36,1,3,273.6328450712777
36,1,3,265.7975430469321
36,1,3,237.30303190896922
36,1,3,204.26759611980071
36,1,3,214.96195550483293
36,1,3,230.16298127506965
36,1,3,221.30836258721789
36,1,3,213.3984650186668
36,1,3,200.07207257803557
36,1,3,239.82870986255656
37,0,0,227.35023447237603
37,0,0,241.57995988278
37,0,0,234.08742842573
37,0,0,191.4454322406151
37,0,0,204.70725057137696
37,0,0,202.75749423970151
37,0,0,218.53119150549483
37,0,0,210.2991644168711
37,0,2,192.44684105415382
37,0,2,235.65940132895741
37,0,2,200.34538185836425
37,0,3,169.37957420726707
37,0,3,209.76802935942382
37,0,3,247.8013356621717
37,0,3,235.57584722005515
37,0,3,264.7320085276398
37,0,3,227.35023447237603
37,0,3,233.46184400104966
37,0,3,243.81186773172567
37,0,3,223.55447162025348
37,0,3,200.37156315426958
37,0,3,259.62837176944436
37,0,3,226.14818299459552
37,0,3,226.97234379829285
37,0,3,231.8600664601159
37,0,3,227.78713139369705
37,0,3,184.67277475418842
37,0,3,241.57995988278
37,0,3,242.68738456243045
37,0,3,231.1708053496332
37,0,3,192.07627764517753
37,0,3,227.35423812439416
37,0,3,248.12205491228434
37,0,3,184.7686119945717
37,0,3,220.08979255382104
37,0,3,245.45485367108532
37,0,3,245.12349987965908
37,0,3,236.30043453892685
37,0,3,231.1708053496332
37,0,3,223.16709218921912
37,0,3,199.87227508857862
37,0,3,180.84835308557751
37,0,3,176.57850607586624
37,0,3,184.7301057958377
37,0,3,221.0569326560818
37,0,3,204.342342217366
37,0,3,223.7689754846752
37,0,3,238.48233561737794
37,0,3,215.66676247356648
37,0,3,229.23246162492183
37,1,0,254.1696479932197
37,1,0,245.6296408178647
37,1,1,259.3452663404751
37,1,3,245.53816884869462
37,1,3,234.0821939520531
37,1,3,203.86129251016004
37,1,3,195.85411874679596
37,1,3,239.54587320620897
37,1,3,237.0981361208187
37,1,3,229.2163229636501
38,0,0,250.0395245402715
38,0,1,216.0190139339001
38,0,1,249.6307860086699
38,0,1,229.46455541624266
38,0,1,226.6658754737379
38,0,1,212.25320779946884
38,0,2,204.03887564656037
38,0,2,235.36471007809672
38,0,3,264.0443827079724
38,0,3,232.40066346213297
38,0,3,207.66788920512718
38,0,3,232.11363030313802
38,0,3,239.13682558674265
38,0,3,223.50428157036765
38,0,3,215.6350458151428
38,0,3,210.16940967360395
38,0,3,187.25406559068102
38,0,3,191.17756722350668
38,0,3,218.0241041830048
38,0,3,210.08956713620665
38,0,4,217.3563882755208
38,1,1,220.00059254486183
38,1,3,244.4092545695138
38,1,3,222.78749399242707
38,1,3,243.1845706310337
38,1,3,223.50428157036765
38,1,3,214.07561457871208
38,1,3,198.85709062038293
39,0,3,248.79821875395226
39,0,3,243.6549601152339
39,0,3,247.00066308481968
39,0,3,213.2016600884276
39,0,3,200.81832538804207
39,0,3,240.39993403124166
39,0,3,239.45060174960537
39,0,3,185.70023604757364
39,0,3,253.17830566632466
39,0,3,234.6410227076907
39,0,3,213.1649878140498
39,0,3,237.87070917189743
39,0,3,238.06546456006717
39,0,3,224.25943801298126
39,0,3,242.1275122249354
39,0,3,218.90857713461492
39,0,3,209.66746995771697
39,1,0,246.07799567305386
39,1,0,220.3745144967289
39,1,0,260.0456115435695
39,1,3,249.30095420130675
39,1,3,249.7482908047125
3,0,1,235.37196647655946
40,0,0,254.23120787412216
40,0,0,228.74841456036285
40,0,0,242.74788519345424
40,0,0,209.23303633351446
40,0,0,183.42294169569578
40,0,0,213.09550140363524
40,0,0,220.74355937878568
40,0,0,208.68321527355633
40,0,0,214.0114955888339
40,0,0,235.80439824935283
40,0,0,209.28371395831653
40,0,0,227.61401171472335
40,0,0,252.7929097136714
40,0,0,210.35221643496965
40,0,1,223.88809669946704
40,0,3,266.8497528812927
40,0,3,225.9899961905354
40,0,3,228.64345372026935
40,0,3,220.1677098842443
40,0,3,215.65804954038586
40,0,3,204.79012639689972
40,0,3,232.09487119784575
40,0,3,221.77575745137096
40,0,3,239.1672296494247
40,0,3,238.34169757947825
40,0,3,217.00249643360814
40,0,3,204.10754963468702
40,0,3,236.3252369756173
40,0,3,224.0535634723908
40,0,3,242.18695619454422
40,0,3,239.00832429545136
40,0,3,239.98083149371197
40,0,3,244.2565757976089
40,0,3,242.0654446743691
40,0,3,227.9946498682224
40,0,3,218.2803199773325
40,0,3,239.11595092362296
40,0,3,207.96100955704688
40,0,3,258.807601384101
40,0,3,232.77556538138364
40,0,3,206.03902497538297
40,0,3,268.0702087992716
40,0,3,232.79215613148548
40,0,3,240.80685505182024
40,0,3,213.68298107820593
40,0,3,207.92151378009657
40,0,3,242.18610631477205
40,1,0,253.12756217425397
40,1,0,243.43977215341536
40,1,3,219.61374297478704
40,1,3,249.26621945964112
40,1,3,218.07331667979778
40,1,3,275.21610082405584
40,1,3,231.47760429421726
40,1,3,246.05381745718154
40,1,3,242.23878532012117
41,0,0,232.48720959624512
41,0,0,252.764667923585
41,0,0,256.88435778727495
41,0,0,247.4344002582316
41,0,0,229.815313773865
41,0,3,233.3664601015397
41,0,3,197.6157975764392
41,0,3,231.10518549574115
41,0,3,214.71604414180948
41,0,3,210.3612704148292
41,0,3,213.15539201338422
41,0,3,232.81516777374333
41,0,3,212.92067024918717
41,0,3,209.97883852419304
41,0,3,214.78923667962536
41,0,3,225.80486324990449
41,1,0,238.69972387060162
42,0,0,228.7108650438405
42,0,0,228.84601877260008
42,0,0,214.5625366771762
42,0,0,222.937155933765
42,0,2,190.40659905199374
42,0,3,247.58929716365247
42,0,3,228.97132947359825
42,0,3,225.57010686687428
42,0,3,226.58148175853296
42,0,3,222.60204627192263
42,0,3,240.82990771138444
42,0,3,231.05850826760718
42,0,3,213.23610512164439
42,0,3,204.69728297261344
42,0,3,206.94849840626077
42,0,3,249.10725033077125
42,0,3,250.88473226177155
42,0,3,217.36434482483702
42,0,3,249.10725033077125
42,1,0,224.60508841871004
42,1,0,228.56661102383612
42,1,0,222.8751121769384
42,1,0,178.6095721958235
42,1,1,229.6840205713538
42,1,3,261.56563547597534
42,1,3,234.18613992525093
42,1,4,233.70635586632255
43,0,0,236.25786338504605
43,0,0,240.102763290155
43,0,0,220.40911324837077
43,0,0,228.78289822430645
43,0,0,243.42281229423236
43,0,0,216.48176981367294
43,0,0,224.75843621565966
43,0,0,208.33966783862655
43,0,3,210.22684318851054
43,0,3,222.51470382092782
43,0,3,235.15520877118522
43,0,3,205.28708279044733
43,0,3,222.3094539225324
43,0,3,223.8164525838176
43,0,3,224.4557187889248
43,0,3,223.71714525964788
43,0,3,270.86499540177664
43,0,3,236.0839602205516
43,0,3,229.77092929857648
43,0,3,217.26246773670812
43,0,3,222.92459509431458
43,0,3,226.46146549551656
43,0,3,233.09007653951582
43,0,3,228.98990587331912
43,0,3,221.02960427063476
43,0,3,230.9986493156398
43,0,4,230.4411964884604
43,1,0,218.99556038027347
43,1,0,205.7471354907699
43,1,0,218.60170462769426
43,1,3,201.69102808159528
43,1,3,212.9569532591853
43,1,3,216.19393651958154
43,1,3,222.15534543185177
44,0,0,234.0316470954197
44,0,0,247.7205024297994
44,0,0,223.1181441950118
44,0,0,229.55088455367266
44,0,2,228.1369172883838
44,0,3,247.08997321213764
44,0,3,265.10061389509247
44,0,3,233.3427840484015
44,0,3,234.6725802672619
44,0,3,247.8013356621717
44,0,3,235.2914923844835
44,0,3,236.23087534987528
44,0,3,234.04406244294552
44,0,3,238.96539141767332
44,0,3,221.86959800508987
44,0,3,212.82430301020094
44,0,3,242.152545907732
44,0,3,224.28108280698768
44,0,3,228.4955234307729
44,0,3,232.59628006441324
44,0,3,246.97233087063543
44,0,3,225.28007636179706
44,0,3,238.92457229968542
44,0,3,237.22793615858643
44,0,3,227.2907241945556
44,0,3,201.53698120778188
44,0,3,233.7920284471717
44,0,3,262.5678473162549
44,0,3,263.36517203019116
44,0,3,232.76648634775628
44,0,3,239.86233709611741
44,0,3,215.24968620739907
44,0,3,247.35918110942862
44,0,3,261.4117718627524
44,0,3,224.1549481757008
44,0,3,211.83216605904977
44,0,3,212.68610966816712
44,1,3,270.8232922320375
44,1,3,239.3825107313536
44,1,3,222.60223585829718
44,1,3,244.11498160348106
44,1,3,240.35560501884035
44,1,3,227.16225060473113
44,1,4,234.39561842016292
45,0,0,213.29442845214422
45,0,0,216.39154423859608
45,0,0,233.78942606449493
45,0,0,204.02828948318108
45,0,0,192.5119702673938
45,0,0,239.19471249656164
45,0,0,198.56150077024597
45,0,0,232.60779147470464
45,0,0,229.3478608608899
45,0,0,220.47914949974415
45,0,0,189.87804179608833
45,0,0,221.08229486429371
45,0,0,227.96646531172777
45,0,0,225.5965866420434
45,0,0,220.88034277949384
45,0,0,214.46274208557898
45,0,0,238.3199432379593
45,0,0,209.74921141158197
45,0,0,219.94845435686648
45,0,0,236.1844020132079
45,0,0,232.12194731886012
45,0,0,250.6858645123427
45,0,0,194.07336641997847
45,0,0,225.81582529662148
45,0,0,213.7910098456741
45,0,0,244.2819178087012
45,0,1,242.81097272485923
45,0,1,212.93687055267188
45,0,1,262.893246868115
45,0,2,233.10828455986507
45,0,2,222.88721739093089
45,0,3,253.10660825945516
45,0,3,208.60330459916574
45,0,3,215.19302310869648
45,0,3,222.51470382092782
45,0,3,217.7634547001809
45,0,3,242.13955735783424
45,0,3,251.19687400556757
45,0,3,234.73953527047763
45,0,3,221.84556243523872
45,0,3,240.92919919450756
45,0,3,210.80306720590372
45,0,3,244.19487326808562
45,0,3,204.02828948318108
45,0,3,226.14481444010556
45,0,3,246.95195479112934
45,0,3,230.4243584428762
45,0,3,233.99785589486373
45,0,3,237.27513976057986
45,0,3,203.2058383489183
45,0,3,208.50134860447153
45,0,3,233.10637624393348
45,0,3,213.85055302598767
45,0,3,216.44164096261554
45,0,3,214.65773158513372
45,0,3,224.38994768692015
45,0,3,227.56906105700338
45,0,3,227.56906105700338
45,0,3,228.267551939991
45,0,3,221.1336374412503
45,0,3,248.70290501003512
45,0,3,243.3944644560092
45,0,3,231.7095016004548
45,0,3,220.40707883268374
45,0,3,216.98201595015905
45,0,3,168.20040295746685
45,0,3,245.5598401254628
45,0,3,253.63185974257223
45,0,3,199.5986273685752
45,0,3,230.4699664357919
45,0,3,228.28703196396566
45,0,3,202.01444355081844
45,0,3,241.3823933303753
45,0,3,213.61733223081532
45,0,3,247.07034522353854
45,0,3,236.19388936221156
45,0,3,234.60403166602543
45,0,3,265.96583007797943
45,0,3,256.716535314849
45,0,3,216.56018562995953
45,0,3,178.73632682933325
45,0,3,225.9578395349218
45,0,3,239.9814123443751
45,0,3,221.63671025552824
45,0,3,207.83726712879843
45,0,3,223.78637093161208
45,0,3,223.92398859690508
45,0,3,223.45065825339952
45,0,3,218.66601078450847
45,0,3,238.39471492885323
45,0,3,218.25733737826067
45,0,3,225.2399380399168
45,0,3,248.66835477737317
45,0,3,219.05405394262561
45,0,3,218.73861668514442
45,0,3,213.0563979905595
45,0,3,222.7053010423516
45,0,3,207.13849615656252
45,0,3,199.74431558861232
45,0,3,251.1367710364105
45,0,3,239.03177752459737
45,0,3,222.00430955711582
45,0,3,239.233982660575
45,0,3,207.29184948401144
45,0,3,242.92370144086297
45,0,3,204.30922759409913
45,0,3,261.9088316363667
45,0,3,215.58436711564676
45,0,3,248.68305175719127
45,0,3,228.96924234566148
45,0,3,195.62174686520248
45,0,4,253.8648290292046
45,0,4,211.36123865606962
45,1,0,218.34810785183032
45,1,0,212.19586441543333
45,1,0,206.3579484227756
45,1,1,235.80392333896984
45,1,3,237.6247899939621
45,1,3,216.365710131188
45,1,3,258.76561183862464
45,1,3,200.1916638295406
45,1,3,202.91981759952841
45,1,3,204.4510642668648
45,1,3,233.41277243556542
45,1,3,233.0698714516829
45,1,3,191.66519425331717
45,1,3,263.3453019805801
45,1,3,219.09600545560357
45,1,3,265.0100309712262
46,0,0,197.67771638051858
46,0,0,221.530330885561
46,0,0,246.97497961780618
46,0,3,219.65928478455234
46,0,3,189.87763771137526
46,0,3,221.02739207137307
46,0,3,208.93918151546262
46,0,3,251.25355766330077
46,0,3,210.1230819675785
46,0,3,191.79268808686342
46,0,3,252.4144242447587
46,0,3,270.86499540177664
46,0,3,247.9147256246266
46,0,3,229.34255872539143
46,0,3,216.18060731075394
46,0,3,223.88360304877943
46,0,3,190.4542240404112
46,0,3,233.36406345486327
46,0,3,203.5570182672799
46,0,3,217.69842959539923
46,0,3,205.27992264635776
46,0,3,218.94698518765296
46,0,3,246.9654043069716
46,0,3,211.75140160229395
46,0,3,229.35760151034742
46,0,3,227.14364658816254
46,0,4,229.63710026736834
46,1,0,258.88796556127704
46,1,0,233.48903220766448
46,1,0,221.35260107187753
46,1,1,246.77815453547527
46,1,3,238.83780461783968
46,1,3,240.80405717382524
46,1,3,183.3102893844159
47,0,0,235.44584932774984
47,0,0,228.48125070630556
47,0,0,237.21533739819284
47,0,0,203.81144405632898
47,0,0,248.9616024864957
47,0,0,212.25052516695942
47,0,0,205.12125250790513
47,0,0,254.3388505240427
47,0,0,245.08579486026326
47,0,3,169.37957420726707
47,0,3,252.62505045691717
47,0,3,222.60149209774298
47,0,3,221.8537435177638
47,0,3,226.9457730648193
47,0,3,248.20711349478483
47,0,3,250.15415090125254
47,0,3,221.54013501315643
47,0,3,251.11704071706077
47,0,3,224.1750731451359
47,0,3,244.3711364268454
47,0,3,245.90824457226245
47,0,3,238.61257500805925
47,0,3,213.21042336392986
47,0,3,218.51241650128588
47,0,3,214.21384546598745
47,0,3,241.17161991434233
47,0,3,258.5838222221241
47,0,3,241.67915402917066
47,0,3,213.71599613382574
47,0,3,240.282847587745
47,0,3,263.87620243885567
47,0,3,248.7058370984347
47,0,3,219.55128639484894
47,1,0,227.18371141808683
47,1,0,193.3441457416659
47,1,3,217.13653297853864
47,1,3,244.3936054411794
47,1,3,234.51693069661872
47,1,3,231.79983910803753
48,0,0,223.07333977991948
48,0,0,218.93743770787242
48,0,0,198.3973356662311
48,0,0,227.24291996508964
48,0,0,225.01276502447823
48,0,0,259.4024848268117
48,0,0,236.19184989155605
48,0,1,224.65735700893254
48,0,3,225.07905106443084
48,0,3,218.77903848207592
48,0,3,278.0893486990083
48,0,3,257.3400416427395
48,0,3,221.9183912536347
48,0,3,229.76176505285054
48,0,3,233.38427067620762
48,0,3,221.89944555241294
48,0,3,242.07666186480628
48,0,3,213.05846640208256
48,0,3,238.25769879652236
48,0,3,228.13988881055906
48,0,3,207.24076372207014
48,0,3,223.53034093580612
48,0,3,250.9160982919247
48,0,3,191.28831378279847
48,0,3,211.43237324772366
48,0,3,237.72606360075213
48,1,0,239.13831456860999
48,1,0,201.48705822364258
48,1,0,247.8619568716698
48,1,0,253.57217797502705
48,1,3,235.0263227173602
48,1,3,234.1978378521837
49,0,0,233.97931351798238
49,0,0,232.78702234947812
49,0,0,245.90824457226245
49,0,0,224.22927869603916
49,0,0,214.67099353342468
49,0,1,231.21025564141996
49,0,3,216.2567448569663
49,0,3,232.78702234947812
49,0,3,236.21454830919703
49,0,3,241.85288415003106
49,0,3,245.7247026297378
49,0,3,248.66835477737317
49,0,3,229.60654627049792
49,0,3,207.73586452617002
49,0,3,239.58414269247473
49,0,3,236.81223914734724
49,1,3,247.7517305777613
4,0,3,215.50411545938618
4,0,3,259.6565469863973
4,1,0,260.23779858241056
4,1,0,249.1191659688319
4,1,3,246.13946927322274
4,1,3,254.39925009132455
50,0,0,241.68641181845348
50,0,0,222.31824168006665
50,0,0,224.98424317934138
50,0,0,218.93520797231673
50,0,0,228.1282025458647
50,0,0,208.9994158016148
50,0,0,225.22766194747553
50,0,0,199.16767171769527
50,0,0,245.19552763109053
50,0,0,221.61991180056287
50,0,0,175.80805392265978
50,0,0,218.9715856792498
50,0,0,232.98257343422517
50,0,0,239.38423261890213
50,0,0,245.51653284844681
50,0,0,226.54489678874745
50,0,0,223.67539847466944
50,0,0,206.7145762349334
50,0,0,239.7866875355568
50,0,0,249.76706435978303
50,0,0,239.81567681760887
50,0,0,229.3326572191307
50,0,1,209.1655246435767
50,0,1,230.5004116623021
50,0,1,241.23307801759128
50,0,1,235.95357674800124
50,0,2,257.8472347313247
50,0,3,199.19738456681455
50,0,3,214.11649757877487
50,0,3,226.2057081667181
50,0,3,227.94605650363513
50,0,3,237.30935918548118
50,0,3,225.62793792287832
50,0,3,237.50943712258896
50,0,3,221.70968027342775
50,0,3,235.47676155668245
50,0,3,233.46201104387325
50,0,3,202.44633710940064
50,0,3,249.36746871187617
50,0,3,210.9165420544782
50,0,3,242.64111958589143
50,0,3,227.31139560577986
50,0,3,264.953496264206
50,0,3,202.12579464166396
50,0,3,243.61051088452183
50,0,3,253.76813140291117
50,0,3,225.357359394784
50,0,3,234.01616318069867
50,0,3,241.46969002933335
50,0,3,232.25980356502748
50,0,3,235.83562886797532
50,0,3,230.2109620688036
50,0,3,230.1146269709073
50,0,3,245.68142047935004
50,0,3,227.83513354041514
50,0,3,278.5876238467001
50,0,3,254.1568684583953
50,0,3,232.25862200678563
50,0,3,186.7331893195498
50,0,3,226.55829018338542
50,0,3,218.41973344003077
50,0,3,223.481066296971
50,0,3,227.14364658816254
50,0,3,229.3930656785667
50,0,3,230.0506829505542
50,0,3,228.25440079543648
50,0,3,241.94551936622003
50,0,3,221.6458106797865
50,0,3,214.8480917594339
50,0,3,235.8564806997347
50,0,3,229.02517261551537
50,0,3,185.57590046292097
50,0,3,234.62587526028318
50,0,3,259.94614052437237
50,0,3,218.23802250544236
50,0,3,214.1388919361982
50,0,3,252.92981114100485
50,0,3,233.7307584220016
50,0,3,242.0537851697331
50,0,3,209.41534926867607
50,0,3,218.39159748979085
50,0,3,222.05269102379847
50,0,3,225.37920979033453
50,0,3,215.1405290853576
50,0,3,246.01074718803872
50,0,3,229.79730507511852
50,0,3,231.6102600536887
50,0,3,223.67506888558106
50,0,3,245.80281688531863
50,0,3,252.4066724045994
50,0,3,238.40710640118863
50,0,3,236.81793574460926
50,0,3,218.54804204480342
50,0,3,254.9888744975424
50,0,3,247.8609306119707
50,1,0,229.21272474038597
50,1,0,238.7072060177133
50,1,0,250.37427153253924
50,1,0,188.06653269159705
50,1,0,244.07791080608627
50,1,0,213.47741212279513
50,1,0,254.88032866182104
50,1,0,231.20785775144105
50,1,1,243.94098601147684
50,1,1,235.8590155602031
51,0,0,251.99812291072598
51,0,0,249.91663743794123
51,0,0,221.33969552354398
51,0,0,229.7267627821612
51,0,0,235.37303222813188
51,0,0,215.89316225760405
51,0,0,196.0227126756318
51,0,0,242.56530220677163
51,0,0,226.4559997358301
51,0,3,226.0731993593816
51,0,3,261.0632904849315
51,0,3,207.62020060879442
51,0,3,254.5783569647075
51,0,3,216.43823104549065
51,0,3,234.33594078033207
51,0,3,230.4894337077492
51,0,3,236.0590251582011
51,0,3,234.2877165475104
51,0,3,217.1117416139253
51,0,3,220.36832189459727
51,1,0,242.40851601991983
51,1,1,233.43063648348598
52,0,0,231.97213791900924
52,0,0,203.21826760232503
52,0,0,235.13549059679343
52,0,0,203.32523547439814
52,0,0,253.07177266002657
52,0,0,220.6923214297709
52,0,0,232.14648568764537
52,0,0,243.89373177445333
52,0,0,254.35236574311836
52,0,0,243.60017288190824
52,0,1,229.80118386207468
52,0,1,230.52073771073293
52,0,3,251.9398921994894
52,0,3,229.151931726136
52,0,3,242.25934185220592
52,0,3,225.0815931317802
52,0,3,244.06303042109303
52,0,3,233.14206235564947
52,0,3,267.7789931823229
52,0,3,239.248633232945
52,0,3,250.384058198003
52,0,3,231.67225134906113
52,0,3,229.12063067277018
52,0,3,253.38730039406144
52,0,3,255.56159653694863
52,0,3,231.60458642623217
52,0,3,243.7701040145505
52,0,3,200.365095433482
52,0,3,248.07721064513822
52,0,3,216.07246453888794
52,0,3,226.23214433271244
52,0,3,203.0155392664915
52,0,3,244.3398242892127
52,0,3,239.21016522395473
52,1,0,223.99250045406586
53,0,0,245.1329010391626
53,0,0,248.36375450390204
53,0,0,227.74723675611992
53,0,0,204.4011738834441
53,0,0,237.60335422519302
53,0,0,236.31117231936122
53,0,0,232.84950960238373
53,0,0,224.65098898984328
53,0,0,251.99054019691465
53,0,0,261.0677198866008
53,0,0,256.8863563356672
53,0,0,246.95233722827487
53,0,0,259.0068135794687
53,0,1,247.41518839483123
53,0,1,229.19960374268612
53,0,1,231.52758987737582
53,0,2,230.7180196452972
53,0,3,219.06553404569422
53,0,3,256.5157891647109
53,0,3,258.4031968681429
53,0,3,210.8877757993462
53,0,3,217.70612022064284
53,0,3,238.0407423575556
53,0,3,235.63979598369332
53,0,3,233.28547168884586
53,0,3,231.40777537741565
53,0,3,212.2526632059534
53,0,3,260.42092492999905
53,0,3,243.34123625541378
53,0,3,227.51267989343847
53,0,3,250.77236890476834
53,0,3,235.5481976805784
53,0,3,226.75591848845391
53,0,3,231.03530255732778
53,0,3,224.9141694768711
53,0,3,245.02219279900953
53,0,3,231.28035742668186
53,0,3,261.8325348240998
53,0,3,247.37987901417597
53,1,0,250.09015997932667
53,1,0,245.63400816601387
53,1,3,249.4941247905341
53,1,3,198.53576792879608
53,1,3,236.66905583565614
54,0,0,238.02254336645296
54,0,0,254.24234503818087
54,0,0,246.75130179715356
54,0,0,218.24903785010557
54,0,0,238.8858168327733
54,0,0,220.7476217086863
54,0,0,227.67150425595838
54,0,0,243.28503271240584
54,0,0,216.79577102959087
54,0,0,237.05419081752615
54,0,0,244.276498135927
54,0,0,202.57227500903454
54,0,0,210.99649982895255
54,0,0,244.97900140192945
54,0,0,235.44241430780386
54,0,0,244.3743797992616
54,0,0,251.11720163366496
54,0,0,221.58355805359702
54,0,0,235.40958083708847
54,0,0,246.25095631096968
54,0,0,255.78382504431397
54,0,0,254.54424039509593
54,0,0,261.39374356570056
54,0,0,201.66763030961715
54,0,0,238.81074234623946
54,0,0,248.29591369812246
54,0,1,237.04449986101278
54,0,1,242.75155913194035
54,0,1,245.6614890842664
54,0,2,243.32430125804598
54,0,2,208.46860676240792
54,0,3,240.89766737115826
54,0,3,243.23864742774052
54,0,3,200.7331976814328
54,0,3,236.85776483547335
54,0,3,230.9473941336762
54,0,3,212.31042047682766
54,0,3,219.34613776402793
54,0,3,252.23060381256175
54,0,3,224.70627419425452
54,0,3,226.7328053269179
54,0,3,202.31288534146364
54,0,3,228.46777579615105
54,0,3,235.12018293639676
54,0,3,269.5605394771703
54,0,3,226.2495853210277
54,0,3,225.60521405014708
54,0,3,234.5535312947988
54,0,3,239.48014474011322
54,0,3,248.00131135649093
54,0,3,236.31428696016422
54,0,3,199.9758402968157
54,0,3,230.0948749132906
54,0,3,231.5232351244506
54,0,3,207.95724700847566
54,0,3,242.5724156725997
54,0,3,230.29712041545338
54,0,3,206.07501482076933
54,0,3,258.8659512130557
54,0,3,254.90032942459334
54,0,3,249.81759200806707
54,0,3,236.23752022898603
54,0,3,219.43074481386952
54,0,3,210.1372013708158
54,0,3,224.4670201479072
54,0,3,239.69836745852564
54,0,3,248.10268478053487
54,0,3,236.46975351908912
54,0,3,237.01258807889872
54,0,3,228.59104565704683
54,0,3,249.74466274857372
54,0,3,247.40731589765147
54,0,3,226.79226220409095
54,0,3,247.99076050201458
54,0,3,233.32845179301458
54,0,3,225.5665505457481
54,0,3,206.89682778115417
54,0,3,223.71101997154773
54,0,3,264.6404033708914
54,0,3,224.25279487643445
54,0,3,226.97567620122953
54,0,3,243.47287964476956
54,0,3,196.35016328103012
54,0,3,207.78628552921805
54,0,3,233.59284061359136
54,0,3,249.36811338588424
54,0,3,238.340395608128
54,0,3,226.03036778884876
54,0,3,219.2913150342835
54,0,3,217.83902494140733
54,0,3,230.3331771301148
54,0,3,213.39768152670229
54,0,3,217.447775918844
54,0,3,226.76891091311305
54,1,1,236.34672504610705
54,1,3,254.97664660452358
54,1,3,215.18664888163863
54,1,3,233.55842294967545
54,1,3,246.17810208144112
54,1,3,246.42374591092587
55,0,0,241.50876298454298
55,0,0,238.30339749398922
55,0,0,212.38288196799482
55,0,0,240.40140784312663
55,0,0,218.55105114954085
55,0,0,236.41041125220642
55,0,0,241.0678023710093
55,0,0,246.9515852062333
55,0,0,239.64161103656159
55,0,0,252.91286467904908
55,0,0,259.5093500367079
55,0,0,246.3647420377588
55,0,0,251.3935456511417
55,0,0,221.41924448067806
55,0,0,233.22002695701684
55,0,0,217.0709135957607
55,0,0,238.4749434065625
55,0,0,214.68760502596223
55,0,0,227.39757502904638
55,0,0,234.9786830935438
55,0,0,234.04605654377224
55,0,0,221.0742700719556
55,0,0,261.92470552971315
55,0,0,233.91650181870003
55,0,0,238.0155087542323
55,0,1,247.73077394722011
55,0,3,249.01413778370994
55,0,3,219.20306715887875
55,0,3,237.5392422328699
55,0,3,228.49141053276776
55,0,3,227.08678442391795
55,0,3,206.9129578844264
55,0,3,205.1793525220978
55,0,3,237.3495536620349
55,0,3,240.6242417850543
55,0,3,232.35322738687944
55,0,3,210.32156436003112
55,0,3,220.76864950755154
55,0,3,230.6700358037728
55,0,3,225.86510158832797
55,0,3,224.15524373440005
55,0,3,243.36652175212367
55,0,3,218.02569740237212
55,0,3,230.19847207021007
55,0,3,251.2743894191634
55,0,3,265.41577458353584
55,0,3,220.9134889333397
55,0,3,260.7454599647837
55,0,3,244.7768038759618
55,0,3,231.12607055241347
55,0,3,219.49700450034652
55,0,3,271.24812027862174
55,0,3,237.31135768411377
55,0,3,234.08233500419172
55,0,3,219.94288907089114
55,0,3,234.60403166602543
55,0,3,220.78071715378087
55,0,3,229.4003915012405
55,0,3,256.76573199416697
55,0,3,219.12683411152508
55,0,3,235.12018293639676
55,0,3,204.86983415211367
55,0,3,232.99352289687454
55,0,3,212.04329511751138
55,0,3,245.32737194769322
55,0,3,267.01885719189613
55,0,3,243.6622246132489
55,0,3,226.01809115882583
55,0,3,249.38796001715497
55,0,3,256.66195355158766
55,0,3,239.37617815419347
55,0,3,233.06285616311723
55,0,3,233.83015487754128
55,0,3,228.9295441936399
55,0,3,204.34335144946246
55,0,3,237.43868924763922
55,0,3,231.91988326118667
55,0,3,248.3270533411624
55,0,3,242.22126899966102
55,0,3,238.05825585168054
55,0,3,239.7681361341315
55,0,3,226.01162453161814
55,0,3,215.97131099306
55,0,3,229.54051697573158
55,0,3,229.42162627832994
55,0,3,224.85491192106628
55,0,4,239.900448574328
55,1,0,245.69235154921265
55,1,0,212.86415621444593
55,1,1,241.47574971102966
55,1,3,272.13506924160106
55,1,3,217.55198368260258
55,1,3,265.35595536268517
55,1,3,262.6508074667761
55,1,3,245.6578499604894
55,1,3,273.89963530305135
55,1,3,222.50990034363343
55,1,3,219.43700088460804
56,0,0,236.62648695364211
56,0,0,200.8052743511603
56,0,0,207.59550366998528
56,0,0,263.3213683526303
56,0,0,220.2578699682016
56,0,0,245.75502817548724
56,0,0,234.95938437555765
56,0,0,254.70902587534772
56,0,0,228.66185873249918
56,0,0,207.40416312672116
56,0,0,220.6529618960938
56,0,0,233.09231649490715
56,0,1,239.82033172402745
56,0,1,199.5544188959371
56,0,2,245.54049500718014
56,0,2,221.58719768975294
56,0,3,211.104415134674
56,0,3,237.60230124165906
56,0,3,245.54049500718014
56,0,3,258.71442245469206
56,0,3,207.25293284537145
56,0,3,231.76863458433806
56,0,3,249.73802931433423
56,0,3,193.79074157453613
56,0,3,262.20168029539883
56,0,3,221.16899358380726
56,0,3,235.3192351657805
56,1,0,238.19923277783
56,1,0,230.01867512371837
56,1,0,253.15840866870687
56,1,0,237.9350453791206
56,1,0,226.1281554435745
56,1,0,256.5496348487862
56,1,0,215.6912814868778
56,1,3,247.97936299847535
56,1,3,214.55316950121278
56,1,3,193.79074157453613
56,1,3,244.01708853059608
57,0,0,257.75510553362824
57,0,0,207.67946712273002
57,0,0,238.59552071037746
57,0,0,227.0108976890146
57,0,0,245.0544850285496
57,0,0,241.21783775256978
57,0,3,209.33135804629345
57,0,3,266.79907038743215
57,0,3,207.81042501856427
57,0,3,231.0452577633359
57,0,3,219.98847023687537
57,0,3,217.7810418236612
57,0,3,257.19019985843227
57,0,3,214.7506874406369
57,0,3,241.6061803768232
57,1,0,272.28616796859126
57,1,0,240.33457458018074
58,0,0,223.24558139699138
58,0,0,249.8289904606512
58,0,0,239.88933578131991
58,0,0,253.41472394745014
58,0,0,221.49347251860144
58,0,0,211.5534517227933
58,0,0,226.4339500892844
58,0,0,229.53790558558524
58,0,0,260.2590761498389
58,0,0,223.53034793398572
58,0,0,245.84264416679252
58,0,0,226.0113301811138
58,0,0,212.89670350982473
58,0,0,222.57193173988043
58,0,0,216.0576859419508
58,0,0,242.10404834845855
58,0,0,213.67281859020147
58,0,0,260.66934251663
58,0,0,259.5234109087959
58,0,0,239.78270918684962
58,0,0,229.11289207829577
58,0,0,267.3456230467856
58,0,0,225.65741662405594
58,0,0,239.04708564333293
58,0,0,243.07047812330143
58,0,0,245.21125925905605
58,0,0,222.77243995646072
58,0,0,243.48885729597978
58,0,1,213.051075034285
58,0,3,217.1717375957286
58,0,3,233.42861195211478
58,0,3,216.87238802864093
58,0,3,213.06283541435292
58,0,3,239.84505560347742
58,0,3,259.85853075226174
58,0,3,243.89395701380087
58,0,3,225.66994356396785
58,0,3,213.8876682041684
58,0,3,221.60748663844635
58,0,3,219.44898005217044
58,0,3,242.93646158425798
58,0,3,228.76229934673717
58,0,3,241.47694313870335
58,0,3,252.4668585709175
58,0,3,249.05305219714302
58,0,3,229.00716602073487
58,0,3,229.89859218499112
58,0,3,221.90540443852484
58,0,3,221.6672972481367
58,0,3,214.0912574488846
58,0,3,221.51057422929864
58,0,3,262.911182281691
58,0,3,218.99115565578327
58,0,3,249.73581768275128
58,0,3,204.59874167738647
58,0,3,214.0912574488846
58,0,3,233.1043979083206
58,0,3,219.8933889341378
58,0,3,231.35246880096594
58,0,3,236.19907667155974
58,0,4,225.05180217758755
58,1,0,258.23530468297315
58,1,1,227.57744011064017
59,0,0,239.1713025977357
59,0,0,220.73623482099168
59,0,0,239.22298039401426
59,0,3,213.225537798475
5,0,3,232.03894377305585
5,1,3,240.21096260231178
5,1,3,239.17278330442537
60,0,0,240.15056336079027
60,0,0,212.61861180327912
60,0,0,235.21653912169785
60,0,0,246.33792852798433
60,0,0,205.3273208057849
60,0,0,224.60094758838602
60,0,0,218.94237641903487
60,0,0,243.74933560189424
60,0,0,235.89320341693266
60,0,0,222.53294171666863
60,0,0,239.09810931788343
60,0,0,219.16877395330928
60,0,0,236.7816959046168
60,0,0,251.41936673633728
60,0,0,245.2195695000313
60,0,0,217.32902511891325
60,0,1,230.9202706636941
60,0,1,252.88995963747567
60,0,1,204.08708348277108
60,0,2,238.79023244574023
60,0,2,263.17275502640734
60,0,2,227.55958941990093
60,0,3,218.20017284237122
60,0,3,225.60117581039503
60,0,3,248.0534342860652
60,0,3,246.6316434310059
60,0,3,242.9897525486244
60,0,3,211.11423060667113
60,0,3,245.63401028032737
60,0,3,216.2527657321802
60,0,3,242.00344336594614
60,0,3,197.99439267388738
60,0,3,225.90048304449886
60,0,3,211.07849329448615
60,0,3,236.86783569023547
60,0,3,226.39457522484872
60,0,3,241.4244599553296
60,0,3,185.31278840671047
60,0,3,235.60046260142838
60,0,3,229.771768851209
60,0,3,246.4582709667802
60,0,3,241.33661546300178
60,0,3,251.98083907939997
60,0,3,212.14695565922597
60,0,3,229.1510583579398
60,0,3,228.93508647386835
60,0,3,223.9189895454246
60,0,3,226.92133505936496
60,0,3,222.63825437013315
60,1,0,206.19278478722688
60,1,0,270.4696396084022
60,1,0,245.04063280170993
60,1,0,239.37763953378027
60,1,1,216.92724803932094
60,1,1,249.19679809253927
60,1,1,261.279681181916
60,1,1,247.70187766622072
60,1,3,233.65672494251604
60,1,3,254.4221239484226
60,1,3,239.5667580256574
61,0,0,251.74248684211932
61,0,0,226.61249389585254
61,0,0,218.0075865323753
61,0,0,202.04029264466536
61,0,0,241.66111136561096
61,0,0,218.0075865323753
61,0,0,249.50805963931185
61,0,0,251.68131749113854
61,0,3,247.8649563342974
61,0,3,216.5222577896643
61,0,3,243.24950792074313
61,0,3,217.41278053223596
61,0,3,235.08001804657582
61,0,3,224.10032033147436
61,0,3,244.2920380248051
61,0,3,236.64102718998913
61,0,3,220.04268042325884
61,0,3,265.90790480983725
61,0,3,220.40719183946226
61,0,3,209.80332509240262
61,0,3,235.63023064275998
61,0,3,242.6739563354348
61,0,3,203.8279352958814
61,0,3,237.30663604213282
61,0,3,240.1021895369951
61,1,0,250.54271306625697
61,1,0,245.5668213868458
61,1,1,252.95045799885384
61,1,3,249.3660765417904
61,1,3,234.2921846501783
61,1,3,250.20491268033823
62,0,0,205.62778513266332
62,0,0,226.06198977531457
62,0,0,223.30822971989096
62,0,0,257.3252755446863
62,0,0,231.6025946339921
62,0,0,210.03403143165667
62,0,0,239.32448301856994
62,0,1,258.4366390250835
62,1,3,238.89805835161857
63,0,0,221.07194231025844
63,0,0,219.58523846968035
63,0,0,237.0953347599511
63,0,0,235.9577632612337
63,0,0,244.50333962761385
63,0,0,218.77218502551779
63,0,0,220.35104268276098
63,0,1,184.01098491074066
63,0,1,233.25673254685188
63,0,3,243.69211376588484
63,0,3,217.29307896681752
63,0,3,234.84634300588368
63,0,3,258.6047933599336
63,0,3,236.3932940981
63,0,3,184.3538942752341
63,1,0,224.35772476580524
64,0,0,239.26602713660918
64,0,0,246.1900086228361
64,0,0,226.97748138761474
64,0,0,254.25070491213373
64,0,0,217.63418244224732
64,0,0,242.36948020283802
64,0,1,241.71235579358688
64,0,3,207.26239811750708
64,1,0,234.61800885652264
65,0,0,251.6915548103346
65,0,0,231.68351921799712
65,0,0,221.59043819467277
65,0,0,240.16787127768254
65,0,0,209.81210086646092
65,0,0,240.5484337375836
65,0,0,208.02222197260102
65,0,0,222.38159867958476
65,0,0,229.03416388223988
65,0,0,210.35871060175646
65,0,0,222.63551169556723
65,0,0,253.23936409864677
65,0,0,245.5124316857624
65,0,0,237.0027794918446
65,0,0,243.03129694969925
65,0,0,239.09707291445426
65,0,0,254.0279422418301
65,0,1,227.03992294036263
65,0,1,227.64938046383293
65,0,1,241.54014917604954
65,0,1,233.1341882439353
65,0,1,233.8511548364075
65,0,1,251.39725629201422
65,0,1,193.91191295671578
65,0,1,237.78124539847127
65,0,2,222.83933481432
65,0,2,226.27114848789523
65,0,3,232.28651960981273
65,0,3,205.21464840727495
65,0,3,226.11043227269002
65,0,3,264.0603210939573
65,0,3,234.30751379892928
65,0,3,209.11244191405925
65,0,3,243.56715760839916
65,0,3,223.49097709693345
65,0,3,214.70272040284362
65,0,3,261.8397241727714
65,0,3,216.97106392899383
65,0,3,244.42014062022199
65,1,0,233.15105699060257
65,1,0,215.07572425127168
65,1,0,257.9124270903826
65,1,0,253.98378915584584
65,1,0,245.83634335566455
65,1,0,231.14670564595542
65,1,1,264.7189522888795
65,1,3,235.40837101214078
65,1,3,212.26918660342443
66,0,0,215.7659537625398
66,0,0,243.42688921485927
66,0,0,234.32572645931816
66,0,0,258.9073268091679
66,0,3,205.81888883988876
66,0,3,222.02234939676202
66,0,3,217.59450881050378
66,0,3,214.9581475155369
66,0,3,211.75222741976802
66,0,3,221.62818834011966
66,1,3,240.6763528436672
67,0,0,205.89860612815565
67,0,0,211.0757207374261
67,0,0,226.5095904593348
67,0,0,209.7433894697328
67,0,0,242.51809235116596
67,0,0,239.12616199919484
67,0,0,237.3688548377331
67,0,0,250.69230625574505
67,0,0,202.04029264466536
67,0,0,253.54996665723644
67,0,0,222.86495612228902
67,0,0,219.98955671834995
67,0,0,255.24567824105512
67,0,0,260.4641481777625
67,0,1,216.59738768479073
67,0,1,238.62122229682942
67,0,3,234.8507532348844
67,0,3,232.56564625959948
67,0,3,242.54944705311118
67,0,3,220.29795078215568
67,0,3,239.96094945936906
67,0,3,266.9269325388346
67,0,3,217.15834448643886
67,1,0,250.89593325974104
67,1,0,244.83254299926338
67,1,0,242.42382991088726
67,1,0,265.1894720248317
68,0,0,207.8039847010524
68,0,0,234.48438242193748
68,0,3,207.5102611482005
68,0,3,230.7057256732878
68,1,0,244.86421962518506
68,1,3,259.6378287942466
6,0,3,228.13022605238103
6,1,0,235.03491749999586
6,1,3,239.18624933847445
6,1,4,190.64312643559305
70,0,0,245.46711726680917
70,0,0,247.02830721893503
70,0,0,259.77016027661375
70,0,0,231.71353168975463
70,0,0,218.23673063166083
70,0,0,184.93363974388427
70,0,0,240.25906587458587
70,0,0,233.81831671355954
70,0,0,238.4449866191197
70,0,0,250.0580016652658
70,0,1,208.99552712451515
70,0,1,230.3386156452851
70,0,1,232.63192752842124
70,0,3,227.52108278039418
70,0,3,256.4473122012672
70,0,3,244.7768038759618
70,0,3,233.95744541210647
70,0,3,263.55334031130917
70,0,3,232.02381868822013
70,0,3,224.48251862677841
70,0,3,217.10100177335912
70,0,3,214.10634737963068
70,0,3,238.47940293391207
70,0,3,224.11585329082922
70,1,0,239.26014784640483
70,1,0,245.89326845287235
70,1,0,249.99216803095004
70,1,0,249.373952439528
70,1,0,207.07806052246713
70,1,0,244.28655474110013
70,1,0,242.22501844930656
70,1,0,241.54510524125664
70,1,0,213.27965073418505
70,1,1,244.73497660870862
70,1,1,236.6884621302489
70,1,1,229.31032634333295
70,1,3,234.67679517444603
71,0,0,175.91518079784476
71,0,0,249.68969581566898
71,0,0,241.0385076590658
71,0,0,236.7129533536381
71,1,1,253.1350151524121
72,0,0,210.29566587072458
72,0,0,239.42764464128936
72,0,1,226.38586660527994
72,1,0,223.73149177569013
72,1,0,241.1131169143443
72,1,1,200.9711133960302
72,1,1,262.8649330776012
73,0,0,238.97084116775414
73,0,0,233.69017368804137
73,0,0,252.7860620134216
73,0,0,246.58740370925088
73,0,0,249.8863318857293
73,0,3,236.68176390258375
73,0,3,232.68080722759464
73,0,3,237.99123814537347
73,0,3,239.19021444283942
73,1,0,238.95482787293884
73,1,0,261.9154006602357
73,1,0,254.6674049544148
73,1,0,270.469836992771
73,1,0,240.51141615613722
73,1,0,231.07806469011376
73,1,0,240.12434081336392
73,1,0,258.0798589848305
73,1,0,249.71474394297218
73,1,1,231.45618790139488
74,0,0,240.9301979877383
74,0,0,249.62258219118237
74,0,0,238.49805495773737
74,0,0,214.27615235911907
74,0,0,238.43431236102072
74,0,0,230.429380677052
74,0,0,239.1529859529531
74,1,0,228.8889166424865
74,1,0,184.0806922233869
74,1,0,267.6303741891687
74,1,0,261.0901085744086
74,1,0,253.7124599481764
74,1,1,250.90718292275656
75,0,0,246.3726111460407
75,0,0,253.91015001602764
75,0,3,245.78520461854922
75,1,0,262.1413128455933
75,1,0,259.64486329558315
75,1,0,241.10888368290153
75,1,0,245.9833947656779
75,1,0,227.08747006318794
75,1,0,266.7184080575331
75,1,0,234.83619128146046
75,1,0,247.21217177720058
76,0,0,247.90368729489683
76,0,0,224.4340456049587
76,1,0,230.7273814483439
76,1,0,251.51547049292918
76,1,0,255.9943722136501
77,1,0,234.78450088631345
78,0,0,241.0078250155412
78,0,0,231.03948368747461
78,0,0,239.72741802499672
78,0,0,229.0579018418372
78,0,0,271.3787597885341
78,0,0,237.20741953046942
78,0,0,251.53568958726242
78,1,0,221.06212774919823
78,1,0,252.6728341467391
78,1,0,234.6243017391149
78,1,0,231.11334625610874
78,1,0,253.48245672404994
78,1,0,257.44847315018103
78,1,0,246.86263907466758
78,1,0,231.63917310123315
78,1,0,255.65125126999985
78,1,1,245.4449240860397
79,1,0,273.3010644361199
79,1,0,234.57865371081766
79,1,0,244.587929727635
79,1,0,213.2835633240514
7,0,3,231.56524338516954
7,1,1,213.5279586576964
80,0,0,214.4967902755609
80,0,0,165.97749977838362
80,0,0,234.2924630185632
80,1,0,278.3020396698975
80,1,0,237.89900002382433
80,1,0,246.84529904393634
80,1,0,281.9502377592167
80,1,1,245.05503360485625
80,1,1,239.80076128864647
80,1,2,256.1761740673699
80,1,2,246.18037107406002
80,1,3,263.4870489533157
81,0,0,219.83422211403968
81,1,0,251.36039213860772
81,1,0,274.3616142110393
81,1,0,264.07421446959773
81,1,0,247.81373793187106
81,1,0,238.37641732286556
81,1,0,266.51333594974824
81,1,0,257.251638998461
81,1,0,244.47434867928996
81,1,0,235.4019167917615
81,1,0,236.53248994258195
81,1,1,246.16569866119596
82,1,0,226.91774755250867
82,1,0,273.38668752101347
82,1,0,253.29391088393402
83,0,0,213.9446247990677
83,0,0,230.4960270998857
83,1,0,244.99958424375444
83,1,0,250.5175484202151
83,1,0,247.56227311363233
83,1,0,244.00079995135346
83,1,0,229.98940619413725
83,1,0,249.73307284351594
84,1,0,215.72076161456582
84,1,0,231.3833083142748
84,1,0,256.1241250500239
84,1,0,228.96967029193914
84,1,0,219.91493013596954
84,1,0,219.9839340287027
84,1,0,255.0283102722284
84,1,0,256.3784102069108
84,1,0,262.3503562347744
84,1,0,244.49450239277974
84,1,0,205.71213592374238
84,1,0,240.44769491480764
84,1,0,219.30754725539344
84,1,2,273.1123351170553
85,0,0,237.20297091360942
85,0,0,217.69307408691014
85,1,0,258.47105525285275
85,1,0,265.9547230546384
85,1,0,250.9669204918278
85,1,0,232.53541654189772
85,1,0,260.7626633083641
85,1,0,226.8895317266543
85,1,0,261.21107363433543
85,1,0,251.88952090824773
85,1,0,243.8160918434525
85,1,0,209.15250107318718
85,1,0,256.1407920970037
85,1,0,245.50633497503136
85,1,1,242.75546309697594
85,1,2,252.2700624963545
86,0,0,209.66551588692187
86,0,1,215.39262017561526
86,1,0,254.20472047837615
86,1,0,263.9154099335407
86,1,0,242.64491822425765
86,1,2,240.4052578889474
87,0,0,231.571112875637
87,0,1,243.97051673909218
87,1,0,253.6534317547128
87,1,0,222.97021109027827
87,1,0,237.37526805104739
88,0,0,245.98754729418633
88,1,0,228.77524339405988
88,1,0,243.00475707510012
88,1,0,263.83904907405145
88,1,0,246.7858266117314
88,1,0,252.52787646928866
88,1,0,244.18257128252515
88,1,0,242.29397576944623
88,1,0,247.36302408948103
89,0,1,240.89353085919126
89,1,0,263.62683561052233
89,1,0,256.5821777885451
89,1,0,219.1834744032426
89,1,0,240.14079148549726
89,1,0,230.31081996473426
89,1,0,248.87639816751823
89,1,0,256.5531795576175
89,1,1,249.06533175309875
8,1,0,266.87716924868073
8,1,0,255.73602289642594
90,0,0,241.62203346076384
90,0,0,220.7358310438993
90,1,0,261.1314962513933
90,1,0,257.6117718381412
90,1,0,238.74670087410578
90,1,0,244.4158076274284
90,1,0,239.57591889312226
90,1,0,252.77989882077438
90,1,0,247.41819017105155
90,1,0,249.49954997984878
90,1,0,223.33917280043948
90,1,1,243.94098601147684
93,1,0,236.6967262336499
93,1,0,240.0770241397949
95,1,0,249.12393013279592
95,1,0,246.89246791269397
95,1,0,241.61505818663957
95,1,2,263.61949021817816
99,1,0,241.36639104295816
99,1,0,270.86653893670996
99,1,0,244.07119993028698
99,1,1,275.08631609858116
9,0,0,252.38794534217092
9,0,0,250.49513867868444
